Workbook
Name Alappuzha: Others!$P$3:$P$18
Name Ernakulam: Others!$M$3:$M$18
Name Ex_MLA_Pic: INDEX('Ex MLA'!$C$3:$I$142,MATCH(Dashboard!$C$4,'Ex MLA'!$C$3:$C$142,0),7)
Name Idukki: Others!$N$3:$N$18
Name Kannur: Others!$G$3:$G$18
Name Kasaragod: Others!$F$3:$F$18
Name Kollam: Others!$R$3:$R$18
Name Kottayam: Others!$O$3:$O$18
Name Kozhikode: Others!$I$3:$I$18
Name LDF_Candidate_Symbol: INDEX(Symbols!$C$3:$E$98,MATCH(#REF!,Symbols!$C$3:$C$98,0),3)
Name LDF_Canidate_Pic: INDEX('Candidates'!$X$3:$AG$886,MATCH(#REF!,'Candidates'!$X$3:$X$886,0),10)
Name Malappuram: Others!$J$3:$J$18
Name NDA_Candidate_Pic: INDEX('Candidates'!$X$3:$AG$886,MATCH(#REF!,'Candidates'!$X$3:$X$886,0),10)
Name NDA_Candidate_Symbol: INDEX(Symbols!$C$3:$E$98,MATCH(#REF!,Symbols!$C$3:$C$98,0),3)
Name New_MLA_Pic: INDEX('Candidates'!$X$3:$AG$885,MATCH(Dashboard!$E$29,'Candidates'!$X$3:$X$885,0),10)
Name New_MLA_Ref: #REF!
Name New_RunnerUp_Ref: #REF!
Name No_Selected_Constituency: INDEX(Constituencies!$B$3:$D$142,MATCH(Dashboard!$C$4,Constituencies!$C$3:$C$142,0),1)
Name Palakkad: Others!$K$3:$K$18
Name Pathanamthitta: Others!$Q$3:$Q$18
Name Selected_Constituency_Ml: INDEX(Constituencies!$C$3:$D$142,MATCH(Dashboard!$C$4,Constituencies!$C$3:$C$142,0),2)
Name Symbol_Search: INDEX(Symbols!$C$3:$E$98,MATCH(#REF!,Symbols!$C$3:$C$98,0),3)
Name Thiruvananthapuram: Others!$S$3:$S$18
Name Thrissur: Others!$L$3:$L$18
Name UDF_Candiate_Pic: INDEX('Candidates'!$X$3:$AG$886,MATCH(#REF!,'Candidates'!$X$3:$X$886,0),10)
Name UDF_Candidate_Symbol: INDEX(Symbols!$C$3:$E$98,MATCH(#REF!,Symbols!$C$3:$C$98,0),3)
Name Wayanad: Others!$H$3:$H$18

Sheet About
B2: Kerala Assembly Election 2026: Master Analytics Suite
B4: Developed By
B5: Shamil Vakkaloor
B6: Founder, excelguru.co.in | Excel Expert & Data Enthusiast
B8: Project Overview
B9: This comprehensive electoral database provides a 360-degree view of all 140 Legislative Assembly Constituencies in Kerala. It is designed to track historical performance, voter demographics, and current candidate profiles for the 2026 Kerala Legislative Assembly (KLA) elections. While the dashboard allows for granular filtering—such as viewing the Indian Union Muslim League (IUML) strongholds in the Malappuram district—it is a statewide tool built for comparative political analysis.
B11: Data Source & Attribution
B12: The data driving this dashboard is sourced from the Open Data Kerala (ODK) initiative, specifically the KLA 2026 Project.
B13: Source: Open Data Kerala Election Portal
B14: Details: This project is a community-driven initiative that curates and democratizes election data, including candidate registries, alliance manifestos, and historical voter statistics. We acknowledge their effort in promoting transparency and supporting informed public participation through open data principles.
B16: Credits & Inspiration
B17: The design, logic, and interactive features of this dashboard were inspired by the work of Xl n Cad (Mr. Ajay Anand).
... B34: This dashboard is an independent analytical tool. While every effort has been made to ensure data accuracy using official and open-source records, users should refer to the Chief Electoral Officer (CEO) Kerala for final, official election results and notifications.

Sheet Dashboard
B3: District | C3: Kannur | F3: {=_xlfn.XLOOKUP(No_Selected_Constituency,New_MLA[Number],New_MLA[Member])} -> M. Vijin | I3: {=_xlfn.XLOOKUP(No_Selected_Constituency,Ex_MLA[Number],Ex_MLA[Member])} -> M Vijin
B4: Constituency | C4: Kalliasseri | F4: {="Age: "&_xlfn.XLOOKUP(No_Selected_Constituency,New_MLA[Number],New_MLA[Age])} -> Age: 36 | I4: {="Age: "&_xlfn.XLOOKUP(No_Selected_Constituency,Ex_MLA[Number],Ex_MLA[Age])} -> Age: 31
F5: {="Party: "&_xlfn.XLOOKUP(No_Selected_Constituency,New_MLA[Number],New_MLA[Party])} -> Party: CPI(M) | I5: {="Party: "&_xlfn.XLOOKUP(No_Selected_Constituency,Ex_MLA[Number],Ex_MLA[Party])} -> Party: CPM
F6: {=_xlfn.XLOOKUP(No_Selected_Constituency,New_MLA[Number],New_MLA[Alliance])} -> LDF | I6: {=_xlfn.XLOOKUP(No_Selected_Constituency,Ex_MLA[Number],Ex_MLA[Alliance])} -> LDF
B7: Parliament | C7: {=_xlfn.XLOOKUP(No_Selected_Constituency,Constituency[Number],Constituency[Loksabha])} -> Kasaragod | F7: {="Votes Received: "&_xlfn.XLOOKUP(No_Selected_Constituency,New_MLA[Number],New_MLA[Member_Votes])} -> Votes Received: 81428 | I7: {="Votes: "&_xlfn.XLOOKUP(No_Selected_Constituency,Ex_MLA[Number],Ex_MLA[Member_Votes])} -> Votes: 88252
B8: Male Voters | C8: {=_xlfn.XLOOKUP(No_Selected_Constituency,Constituency[Number],Constituency[Male_Voters])} -> 97648 | F8: {="Percentage: "&ROUND((_xlfn.XLOOKUP(No_Selected_Constituency,New_MLA[Number],New_MLA[Member_Perc])*100),2)&"%"} -> Percentage: 50.93% | I8: {="Perc: "&ROUND((_xlfn.XLOOKUP(No_Selected_Constituency,Ex_MLA[Number],Ex_MLA[Member_Perc])*100),2)&"%"} -> Perc: 60.62%
B9: Female Voters | C9: {=_xlfn.XLOOKUP(No_Selected_Constituency,Constituency[Number],Constituency[Femal_Voters])} -> 106147 | F9: {="Margin: "&_xlfn.XLOOKUP(No_Selected_Constituency,New_MLA[Number],New_MLA[Margin])} -> Margin: 18433 | I9: {="Margin: "&_xlfn.XLOOKUP(No_Selected_Constituency,Ex_MLA[Number],Ex_MLA[Margin])} -> Margin: 44393
B10: Total Voters | C10: {=_xlfn.XLOOKUP(No_Selected_Constituency,Constituency[Number],Constituency[Total_Voters])} -> 203796
B11: Votes Polled | C11: {=SUMIFS(Result2026[Votes],Result2026[Number],No_Selected_Constituency)} -> 159867 | E11: First Runner Up
B12: Percentage | C12: {=_xlfn.XLOOKUP(No_Selected_Constituency,Result2026[Number],Result2026[Percentage])} -> 76.99
B13: Resarvation | C13: {=_xlfn.XLOOKUP(No_Selected_Constituency,Constituency[Number],Constituency[Reservation])} -> GEN
B15: 2026 | C15: {=_xlfn.XLOOKUP(No_Selected_Constituency,New_MLA[Number],New_MLA[Member]&" - "&_xlfn.XLOOKUP(No_Selected_Constituency,New_MLA[Number],New_MLA[Alliance]))} -> M. Vijin - LDF
B16: 2021 | C16: {=_xlfn._xlws.FILTER(Vote_History[Winner_Name],(Vote_History[Year]=B16)*(Vote_History[constituency]=$C$4))&" - "&_xlfn._xlws.FILTER(Vote_History[Winner__Alliance],(Vote_History[Year]=B16)*(Vote_History[constituency]=$C$4))} -> M Vijin - LDF
B17: 2016 | C17: {=_xlfn._xlws.FILTER(Vote_History[Winner_Name],(Vote_History[Year]=B17)*(Vote_History[constituency]=$C$4))&" - "&_xlfn._xlws.FILTER(Vote_History[Winner__Alliance],(Vote_History[Year]=B17)*(Vote_History[constituency]=$C$4))} -> T V Rajesh - LDF
B18: 2011 | C18: {=_xlfn._xlws.FILTER(Vote_History[Winner_Name],(Vote_History[Year]=B18)*(Vote_History[constituency]=$C$4))&" - "&_xlfn._xlws.FILTER(Vote_History[Winner__Alliance],(Vote_History[Year]=B18)*(Vote_History[constituency]=$C$4))} -> T.V. Rajesh - LDF
B28: Const ML | C28: =INDEX(Constituencies!$C$3:$D$142,MATCH(Dashboard!$C$4,Constituencies!$C$3:$C$142,0),2) -> കല്ല്യാശ്ശേരി | E28: New MLA Ref
B29: Const No | C29: =INDEX(Constituencies!$B$3:$D$142,MATCH(Dashboard!$C$4,Constituencies!$C$3:$C$142,0),1) -> 7 | E29: =INDEX('New MLA'!$C$3:$F$142,MATCH(Dashboard!$C$4,'New MLA'!$C$3:$C$142,0),4) -> 26kla007
E31: Runner Up
E32: {=_xlfn._xlws.FILTER(Result2026[Candidate_Ref],(Result2026[Position]=2)*(Result2026[Number]=No_Selected_Constituency))} -> 26kla147
E34: 2nd Runner Up
E35: {=_xlfn._xlws.FILTER(Result2026[Candidate_Ref],(Result2026[Position]=3)*(Result2026[Number]=No_Selected_Constituency))} -> 26kla287
E37: Ex Mla
E38: =INDEX('Ex MLA'!$C$3:$I$142,MATCH(Dashboard!$C$4,'Ex MLA'!$C$3:$C$142,0),7) -> 0

Sheet Candidates
B2: number | C2: name | D2: nameMalayalam | E2: district | F2: districtMalayalam | G2: districtQid | H2: qid | I2: reservation | J2: pollingBooths | K2: votersMale | L2: votersFemale | M2: votersTransgender | N2: votersTotal | O2: candidates__alliance | P2: candidates__party | Q2: candidates__name | R2: candidates__malayalam | S2: candidates__wikidata | T2: candidates__gender | U2: candidates__age | V2: candidates__candidateId | W2: candidates__photo | X2: candidates__reference | Y2: candidates__symbol | Z2: candidates__archiveUrl | AA2: candidates__aparanTag | AB2: candidates__sittingMLA | AC2: candidates__mlaTrack | AD2: candidates__eduTag | AE2: candidates__ballotOrder | AF2: fightIndex | AG2: pic
B3: 1 | C3: Manjeshwaram | D3: മഞ്ചേശ്വരം | E3: Kasaragod | F3: കാസർഗോഡ് ജില്ല | G3: Q1419703 | H3: Q13113782 | J3: 229 | K3: 115801 | L3: 114312 | M3: 0 | N3: 230113 | O3: UDF | P3: IUML | Q3: A. K. M. Ashraf | R3: എ. കെ. എം. അഷ്റഫ് | S3: Q106687787 | T3: male | U3: 48 | V3: 2644 | W3: AKMAS-2026-20260325102628.jpg | X3: 26kla141 | Y3: Ladder | Z3: mlat.26kla141_kochi.akmashraf | AB3: YES | AC3: https://mlatrack.com/15kla/profiles/mlas/a_k_m_ashraf_m | AD3: Higher Secondary | AE3: 1 | AF3: 68.8
B4: 1 | O4: LDF | P4: CPI(M) | Q4: K. R. Jayananda | R4: കെ. ആർ. ജയാനന്ദ | T4: male | U4: 58 | V4: 684 | W4: JAYAN-2026-20260324054718.jpg | X4: 26kla001 | Y4: Hammer, Sickle and Star | Z4: mlat.26kla001_thrithala.krjayananda | AD4: High School | AE4: 2
B5: 1 | O5: Others | P5: BSP | Q5: Sanjeeva | R5: സഞ്ജീവ | T5: male | U5: 55 | V5: 2162 | W5: SANJE-2026-20260324055326.jpg | X5: 26kla972 | Y5: Elephant | Z5: mlat.26kla972_muvattupuzha.sanjeeva | AE5: 3
B6: 1 | O6: NDA | P6: BJP | Q6: K. Surendran | R6: കെ. സുരേന്ദ്രൻ | S6: Q25587200 | T6: male | U6: 56 | V6: 2840 | W6: KSURE-2026-20260324053843.jpg | X6: 26kla281 | Y6: Lotus | Z6: mlat.26kla281_manjeshwaram.ksurendran | AD6: Degree | AE6: 4
B7: 1 | O7: Others | Q7: Kannur Abdulla Master | R7: കണ്ണൂർ അബ്ദുള്ള മാസ്റ്റർ | T7: male | U7: 66 | V7: 738 | W7: ABDUL-2026-20260324053104.jpg | X7: 26kla812 | Y7: Gas Cylinder | Z7: mlat.26kla812_kannur.kannurabdullamaster | AE7: 5
B8: 1 | O8: Others | Q8: Abdul Latheef I | R8: അബ്ദുൾ ലത്തീഫ് ഐ | T8: male | U8: 38 | V8: 3319 | W8: ABDUL-2026-20260323072045.jpg | X8: 26kla696 | Y8: Television | Z8: mlat.26kla696_udma.abdullatheefi | AE8: 6
B9: 1 | O9: Others | Q9: Gean Lavina Monteiro | R9: ഗീൻ ലാവിന മൊണ്ടീറോ | T9: female | U9: 56 | V9: 3816 | W9: GEANL-2026-20260324052456.jpg | X9: 26kla784 | Y9: Battery Torch | Z9: mlat.26kla784_angamaly.geanlavinamonteiro | AE9: 7
B10: 1 | O10: Others | Q10: John D' Souza | R10: ജോൺ ഡിസൂസ | T10: male | U10: 63 | V10: 2064 | W10: JOHND-2026-20260324054042.jpg | X10: 26kla802 | Y10: Truck | Z10: mlat.26kla802_devikulam.johndsouza | AE10: 8
B11: 1 | O11: Others | Q11: Mohammed Ashraf | R11: മുഹമ്മദ് അഷ്‌റഫ് | T11: male | U11: 43 | V11: 3873 | W11: MOHAM-2026-20260324052952.jpg | X11: 26kla853 | Y11: Bat | Z11: mlat.26kla853_chadayamangalam.mohammedashraf | AA11: 26kla141 | AE11: 9
B12: 1 | O12: Others | Q12: Mohammed Ashraf K A | R12: മുഹമ്മദ് അഷ്‌റഫ് കെ എ | T12: male | U12: 51 | V12: 3723 | W12: MOHAM-2026-20260324054222.jpg | X12: 26kla854 | Y12: Gas Stove | Z12: mlat.26kla854_chirayinkeezhu.mohammedashrafka | AA12: 26kla141 | AE12: 10
B13: 1 | O13: Others | Q13: D Surendran Nair | R13: ഡി സുരേന്ദ്രൻ നായർ | T13: male | U13: 63 | V13: 1915 | W13: DSURE-2026-20260325103644.jpg | X13: 26kla774 | Y13: Diamond | Z13: mlat.26kla774_kottakkal.dsurendrannair | AA13: 26kla281 | AE13: 11
B14: 2 | C14: Kasaragod | D14: കാസർഗോഡ് | E14: Kasaragod | F14: കാസർഗോഡ് ജില്ല | G14: Q1419703 | H14: Q13111222 | J14: 218 | K14: 105524 | L14: 105399 | M14: 0 | N14: 210923 | O14: NDA | P14: BJP | Q14: Ashwini M.L. | R14: അശ്വിനി എം. എൽ. | T14: female | U14: 40 | V14: 1899 | W14: ASHWI-2026-20260323045231.jpg | X14: 26kla282 | Y14: Lotus | Z14: mlat.26kla282_ollur.ashwiniml | AD14: Diploma | AE14: 1 | AF14: 48.7
B15: 2 | O15: UDF | P15: IUML | Q15: Kallatra Mahin Haji | R15: കല്ലട്ര മാഹിൻ ഹാജി | T15: male | U15: 62 | V15: 1592 | W15: MAHIN-2026-20260323032302.jpg | X15: 26kla142 | Y15: Ladder | Z15: mlat.26kla142_thodupuzha.kallatramahin | AD15: Degree | AE15: 2
B16: 2 | O16: Others | Q16: Mohammed Ali Fathah B M | R16: മുഹമ്മദ് അലി ഫത്താഹ് ബി എം | T16: male | U16: 47 | V16: 1835 | W16: MOHAM-2026-20260323043319.jpg | X16: 26kla852 | Y16: Bat | Z16: mlat.26kla852_kottarakkara.mohammedalifathahbm | AE16: 3
B17: 2 | O17: Others | Q17: Shanavas A A | R17: ഷാനവാസ് എ എ | T17: male | U17: 44 | V17: 1767 | W17: SHANA-2026-20260323041955.jpg | X17: 26kla994 | Y17: Diamond | Z17: mlat.26kla994_kongad.shanavasaa | AA17: 26kla002 | AE17: 4
B18: 2 | O18: LDF | P18: Independent (INL Support) | Q18: Shanavas Padhoor | R18: ഷാനവാസ് പാദൂർ | T18: male | U18: 46 | V18: 1734 | W18: SHANA-2026-20260323041134.jpg | X18: 26kla002 | Y18: Battery Torch | Z18: mlat.26kla002_vallikkunnu.shanavaspadhoor | AD18: Higher Secondary | AE18: 5
B19: 3 | C19: Udma | D19: ഉദുമ | E19: Kasaragod | F19: കാസർഗോഡ് ജില്ല | G19: Q1419703 | H19: Q13110513 | J19: 237 | K19: 112166 | L19: 116342 | M19: 4 | N19: 228512 | O19: LDF | P19: CPI(M) | Q19: C. H. Kunhambu | R19: സി. എച്ച്. കുഞ്ഞമ്പു | S19: Q13115063 | T19: male | U19: 66 | V19: 809 | W19: CHKUN-2026-20260321054309.jpg | X19: 26kla003 | Y19: Hammer, Sickle and Star | Z19: mlat.26kla003_elathur.chkunhambu | AB19: YES | AC19: https://mlatrack.com/15kla/profiles/mlas/c_h_kunhambu_u | AD19: Professional Degree | AE19: 1 | AF19: 52.2
B20: 3 | O20: UDF | P20: INC | Q20: Neelakantan | R20: നീലകണ്ഠൻ | T20: male | U20: 62 | V20: 2588 | W20: NEELA-2026-20260324054847.jpg | X20: 26kla143 | Y20: Hand | Z20: mlat.26kla143_kozhikodesouth.neelakandan | AD20: Degree | AE20: 2
B21: 3 | O21: NDA | P21: BJP | Q21: Manulal Meloth | R21: മനുലാൽ മേലോത്ത് | T21: male | U21: 39 | V21: 1093 | W21: MANUL-2026-20260321065203.jpg | X21: 26kla283 | Y21: Lotus | Z21: mlat.26kla283_piravom.manulalm | AD21: Degree | AE21: 3
B22: 3 | O22: Others | Q22: Kunhampu P P S/o Raman | R22: കുഞ്ഞമ്പു പി പി S/O രാമൻ | T22: male | U22: 79 | V22: 2782 | W22: KUNHA-2026-20260323065721.jpg | X22: 26kla834 | Y22: Binoculars | Z22: mlat.26kla834_palakkad.kunhampupp | AA22: 26kla003 | AE22: 4
B23: 3 | O23: Others | Q23: Kunhiraman | R23: കുഞ്ഞിരാമൻ | T23: male | U23: 55 | V23: 1293 | W23: KUNHI-2026-20260323014341.jpg | X23: 26kla835 | Y23: Bat | Z23: mlat.26kla835_kuttanad.kunhiraman | AE23: 5
B24: 3 | O24: Others | Q24: Naseer | R24: നസീർ | T24: male | U24: 45 | V24: 2517 | W24: 1774162897pic.jpg | X24: 26kla879 | Y24: Drilling Machine | Z24: mlat.26kla879_thanur.naseer | AE24: 6
B25: 4 | C25: Kanhangad | D25: കാഞ്ഞങ്ങാട് | E25: Kasaragod | F25: കാസർഗോഡ് ജില്ല | G25: Q1419703 | H25: Q13111113 | J25: 239 | K25: 109008 | L25: 114966 | M25: 6 | N25: 223980 | O25: LDF | P25: CPI | Q25: Govindan Pallikkappil | R25: ഗോവിന്ദൻ പള്ളിക്കാപ്പിൽ | T25: male | U25: 60 | V25: 1906 | W25: GOVIN-2026-20260321035850.jpg | X25: 26kla004 | Y25: Ears of Corn and Sickle | Z25: mlat.26kla004_malappuram.govindanpallikappil | AD25: Professional Degree | AE25: 1 | AF25: 26.9
B26: 4 | O26: NDA | P26: BJP | Q26: M. Balraj | R26: എം. ബൽരാജ് | T26: male | U26: 58 | V26: 693 | W26: MBALA-2026-20260321044830.jpg | X26: 26kla284 | Y26: Lotus | Z26: mlat.26kla284_perumbavoor.mbalaraj | AD26: High School | AE26: 2
B27: 4 | O27: Others | P27: BSP | Q27: B. Vijayakumar | R27: ബി. വിജയകുമാർ | T27: male | U27: 54 | V27: 1610 | W27: VIJAY-2026-20260323034051.jpg | X27: 26kla1062 | Y27: Elephant | Z27: mlat.26kla1062_karunagapally.bvijayakumar | AE27: 3
B28: 4 | O28: UDF | P28: KEC | Q28: Shyji Ottapalli | R28: ഷൈജി ഒറ്റപ്പള്ളി | T28: male | U28: 53 | V28: 1743 | W28: SHAIJ-2026-20260323040034.jpg | X28: 26kla144 | Y28: Auto Rikshaw | Z28: mlat.26kla144_thodupuzha.shaiji | AD28: Diploma | AE28: 4
B29: 5 | C29: Thrikaripur | D29: തൃക്കരിപ്പൂർ | E29: Kasaragod | F29: കാസർഗോഡ് ജില്ല | G29: Q1419703 | H29: Q16137696 | J29: 218 | K29: 102044 | L29: 108044 | M29: 2 | N29: 210090 | O29: LDF | P29: CPI(M) | Q29: Dr. V. P. P. Mustafa | R29: ഡോ. വി. പി. പി. മുസ്തഫ | T29: male | U29: 54 | V29: 893 | W29: MUSTA-2026-20260321062452.jpg | X29: 26kla005 | Y29: Hammer, Sickle and Star | Z29: mlat.26kla005_thavanur.mustafavpp | AD29: Doctorate Degree | AE29: 1 | AF29: 34.2
B30: 5 | O30: UDF | P30: INC | Q30: Sandeep Varier | R30: സന്ദീപ് വാര്യർ | T30: male | U30: 44 | V30: 3328 | W30: SANDE-2026-20260323075148.jpg | X30: 26kla145 | Y30: Hand | Z30: mlat.26kla145_kochi.sandeepg | AD30: Diploma | AE30: 2
B31: 5 | O31: NDA | P31: TTP | Q31: Ravi Kulangara | R31: രവി കുളങ്ങര | T31: male | U31: 58 | V31: 857 | W31: RAVIK-2026-20260321045159.jpg | X31: 26kla285 | Y31: Jackfruit | Z31: mlat.26kla285_vattiyoorkavu.ravikulangara | AD31: Master Degree | AE31: 3
B32: 5 | O32: Others | Q32: Musthafa P P | R32: മുസ്തഫ പി പി | T32: male | U32: 41 | V32: 3762 | W32: MUSTH-2026-20260323090035.jpg | X32: 26kla871 | Y32: Scissors | Z32: mlat.26kla871_thalassery.musthafapp | AA32: 26kla005 | AE32: 4
B33: 5 | O33: Others | Q33: Musthafa V P | R33: മുസ്തഫ വി പി | T33: male | U33: 51 | V33: 3830 | W33: MUSTH-2026-20260323091005.jpg | X33: 26kla872 | Y33: Chain | Z33: mlat.26kla872_angamaly.musthafavp | AA33: 26kla005 | AE33: 5
B34: 5 | O34: Others | Q34: Sandeep Elatt | R34: സന്ദീപ് എലാട്ട് | T34: male | U34: 36 | V34: 3555 | W34: SANDE-2026-20260323083720.jpg | X34: 26kla969 | Y34: Gas Cylinder | Z34: mlat.26kla969_attingal.sandeepelatt | AA34: 26kla145 | AE34: 6
B35: 6 | C35: Payyanur | D35: പയ്യന്നൂർ | E35: Kannur | F35: കണ്ണൂർ ജില്ല | G35: Q2980652 | H35: Q17379122 | J35: 192 | K35: 91006 | L35: 97926 | M35: 3 | N35: 188935 | O35: NDA | P35: BJP | Q35: A. P. Gangadharan | R35: എ. പി. ഗംഗാധരൻ | T35: male | U35: 62 | V35: 1574 | W35: GANGA-2026-20260325111029.jpg | X35: 26kla286 | Y35: Lotus | Z35: mlat.26kla286_paravur.apgangadharan | AD35: High School | AE35: 1 | AF35: 8.9
B36: 6 | O36: LDF | P36: CPI(M) | Q36: T. I. Madhusoodanan | R36: ടി. ഐ. മധുസൂദനൻ | S36: Q106679753 | T36: male | U36: 65 | V36: 1712 | W36: TIMAD-2026-20260325110807.jpg | X36: 26kla006 | Y36: Hammer, Sickle and Star | Z36: mlat.26kla006_thavanur.timadusoodhanan | AB36: YES | AC36: https://mlatrack.com/15kla/profiles/mlas/t_i_madusoodhanan_p | AD36: Degree | AE36: 2
B37: 6 | O37: UDF | P37: Independent (RSP support) | Q37: V. Kunjikrishnan | R37: വി. കുഞ്ഞികൃഷ്ണൻ | T37: male | U37: 74 | V37: 1723 | W37: KUNHI-2026-20260325110914.jpg | X37: 26kla146 | Y37: Electric Pole | Z37: mlat.26kla146_chadayamangalam.vkunhikrishnan | AD37: Professional Degree | AE37: 3
B38: 6 | O38: Others | Q38: Sandeep V. K. | R38: സന്ദീപ് വി. കെ. | T38: male | U38: 38 | V38: 2440 | W38: SANDE-2026-20260325110724.jpg | X38: 26kla971 | Y38: Table | Z38: mlat.26kla971_peravoor.sandeepvk | AE38: 4
B39: 7 | C39: Kalliasseri | D39: കല്ല്യാശ്ശേരി | E39: Kannur | F39: കണ്ണൂർ ജില്ല | G39: Q2980652 | H39: Q13111077 | J39: 184 | K39: 97648 | L39: 106147 | M39: 1 | N39: 203796 | O39: UDF | P39: INC | Q39: Adv. Rajeevan Kappacheri | R39: അഡ്വ. രാജീവൻ കപ്പച്ചേരി | T39: male | U39: 57 | V39: 1857 | W39: ADVR-2026-20260326125406.jpg | X39: 26kla147 | Y39: Hand | Z39: mlat.26kla147_kothamangalam.rajeevankappacheri | AD39: Diploma | AE39: 1 | AF39: 3.3
B40: 7 | O40: LDF | P40: CPI(M) | Q40: M. Vijin | R40: എം. വിജിൻ | S40: Q106687789 | T40: male | U40: 36 | V40: 444 | W40: MVIJI-2026-20260326125308.jpg | X40: 26kla007 | Y40: Hammer, Sickle and Star | Z40: mlat.26kla007_azhikode.mvijin | AB40: YES | AC40: https://mlatrack.com/15kla/profiles/mlas/m_vijin_k | AD40: Master Degree | AE40: 2
B41: 7 | O41: NDA | P41: BJP | Q41: A.V. Sanil Kumar | R41: എ. വി. സനിൽ കുമാർ | T41: male | U41: 47 | V41: 1587 | W41: SANIL-2026-20260326125338.jpg | X41: 26kla287 | Y41: Lotus | Z41: mlat.26kla287_perambra.sanilav | AD41: High School | AE41: 3
B42: 7 | O42: Others | P42: SDPI | Q42: K.K. Abdul Jabbar | R42: കെ. കെ. അബ്ദുൾ ജബ്ബാർ | T42: male | U42: 53 | V42: 2023 | W42: KKABD-2026-20260326125439.jpg | X42: 26kla567 | Y42: Scissors | Z42: mlat.26kla567_mavelikkara.kkabduljabbar | AE42: 4
B43: 7 | O43: Others | Q43: Rajeevan Kannoth S/o Kammaran | R43: രാജീവൻ കണ്ണോത്ത് S/O കമ്മാരൻ | T43: male | U43: 48 | V43: 2090 | W43: RAJEE-2026-20260326125523.jpg | X43: 26kla922 | Y43: Frock | Z43: mlat.26kla922_nedumangad.rajeevankannoth | AA43: 26kla147 | AE43: 5
B44: 8 | C44: Taliparamba | D44: തളിപ്പറമ്പ് | E44: Kannur | F44: കണ്ണൂർ ജില്ല | G44: Q2980652 | H44: Q17379268 | J44: 233 | K44: 111926 | L44: 120353 | M44: 1 | N44: 232280 | O44: Others | P44: AAP | Q44: Anappally Gopalan | R44: ആനപ്പള്ളി ഗോപാലൻ | T44: male | U44: 73 | V44: 4138 | W44: AGOPA-2026-20260323094909.jpg | X44: 26kla428 | Y44: Broom | Z44: mlat.26kla428_kalpetta.anappalligopalan | AE44: 1 | AF44: 21.1
B45: 8 | O45: LDF | P45: CPI(M) | Q45: P. K. Shyamala | R45: പി. കെ. ശ്യാമള | T45: female | U45: 65 | V45: 973 | W45: PKSHY-2026-20260326042044.jpg | X45: 26kla008 | Y45: Hammer, Sickle and Star | Z45: mlat.26kla008_kondotty.pkshyamalateacher | AD45: Degree | AE45: 2
B46: 8 | O46: NDA | P46: BJP | Q46: N. Haridas | R46: എൻ. ഹരിദാസ് | T46: male | U46: 58 | V46: 3661 | W46: NHARI-2026-20260326042346.jpg | X46: 26kla288 | Y46: Lotus | Z46: mlat.26kla288_perambra.nharidas | AD46: Degree | AE46: 3
B47: 8 | O47: Others | Q47: Abdul Salam K P | R47: അബ്ദുൾ സലാം കെ പി | T47: male | U47: 50 | V47: 4126 | W47: ABDUL-2026-20260326042548.jpg | X47: 26kla701 | Y47: Ring | Z47: mlat.26kla701_parassala.abdulsalamkp | AE47: 4
B48: 8 | O48: Others | Q48: Koyyam Janardhanan | R48: കൊയ്യം ജനാർദ്ദനൻ | T48: male | U48: 66 | V48: 1048 | W48: KOYYA-2026-20260326042837.jpg | X48: 26kla825 | Y48: Television | Z48: mlat.26kla825_peerumade.koyyamjanardhanan | AE48: 5
B49: 8 | O49: Others | Q49: Khamaruddeen C V | R49: ഖമറുദ്ദീൻ സി വി | T49: female | U49: 38 | V49: 4153 | W49: KAMAR-2026-20260323092615.jpg | X49: 26kla820 | Y49: Laptop | Z49: mlat.26kla820_palakkad.khamaruddeencv | AE49: 6
B50: 8 | O50: UDF | P50: Independent (INC Support) | Q50: T K Govindan Master | R50: ടി കെ ഗോവിന്ദൻ മാസ്റ്റർ | T50: male | U50: 75 | V50: 3297 | W50: TKGOV-2026-20260323075910.jpg | X50: 26kla1041 | Y50: Gas Cylinder | Z50: mlat.26kla1041_dharmadom.tkgovindanmaster | AD50: Higher Secondary | AE50: 7
B51: 8 | O51: Others | Q51: T. K. Govindan | R51: ടി. കെ. ഗോവിന്ദൻ | T51: male | U51: 71 | V51: 3735 | W51: TKGOV-2026-20260323083611.jpg | X51: 26kla148 | Y51: Battery Torch | Z51: mlat.26kla148_tirurangadi.tkgovindan | AA51: 26kla1041 | AE51: 8
B52: 8 | O52: Others | Q52: C Balakrishnan Yadav | R52: സി ബാലകൃഷ്ണൻ യാദവ് | T52: male | U52: 65 | V52: 3188 | W52: BALAK-2026-20260321033207.jpg | X52: 26kla761 | Y52: Football player | Z52: mlat.26kla761_chittur.cbalakrishnanyadav | AE52: 9
B53: 8 | O53: Others | Q53: Shyamala P | R53: ശ്യാമള പി | T53: female | U53: 66 | V53: 4202 | W53: SHYAM-2026-20260326043708.jpg | X53: 26kla1000 | Y53: Dish Antenna | Z53: mlat.26kla1000_kalpetta.shyamalap | AA53: 26kla008 | AE53: 10
B54: 9 | C54: Irikkur | D54: ഇരിക്കൂർ | E54: Kannur | F54: കണ്ണൂർ ജില്ല | G54: Q2980652 | H54: Q13110432 | J54: 214 | K54: 98862 | L54: 100464 | M54: 0 | N54: 199326 | O54: Others | P54: AAP | Q54: Joseph P.V | R54: ജോസഫ് പി. വി. | T54: male | U54: 59 | V54: 1648 | W54: JOSEP-2026-20260323033825.jpg | X54: 26kla429 | Y54: Broom | Z54: mlat.26kla429_alathur.pvjosephparikkappallil | AE54: 1 | AF54: 42
B55: 9 | O55: LDF | P55: Kerala Congress (M) | Q55: Adv. Mathew Kunnappally | R55: അഡ്വ. മാത്യു കുന്നപ്പള്ളി | T55: male | U55: 66 | V55: 1215 | W55: MATHE-2026-20260321033959.jpg | X55: 26kla009 | Y55: Two leaves | Z55: mlat.26kla009_kuttiadi.mathewkunnappally | AD55: Professional Degree | AE55: 2
B56: 9 | O56: UDF | P56: INC | Q56: Adv. Sajeev Joseph | R56: അഡ്വ. സജീവ് ജോസഫ് | S56: Q106687786 | T56: male | U56: 53 | V56: 479 | W56: SAJEE-2026-20260321030424.jpg | X56: 26kla149 | Y56: Hand | Z56: mlat.26kla149_kalamassery.sajeevjoseph | AB56: YES | AC56: https://mlatrack.com/15kla/profiles/mlas/sajeev_joseph_i | AD56: Professional Degree | AE56: 3
B57: 9 | O57: Others | P57: SDPI | Q57: M. J. Mathew | R57: എം. ജെ. മാത്യു | T57: male | U57: 61 | V57: 1511 | W57: MJMAT-2026-20260323025806.jpg | X57: 26kla569 | Y57: Scissors | Z57: mlat.26kla569_chalakudy.mjmathew | AE57: 4
B58: 9 | O58: NDA | P58: TTP | Q58: Sreenath Padmanabhan | R58: ശ്രീനാഥ് പത്മനാഭൻ | T58: male | U58: 34 | V58: 1277 | W58: SREEN-2026-20260323012820.jpg | X58: 26kla289 | Y58: Jackfruit | Z58: mlat.26kla289_kothamangalam.sreenathpadmanabhan | AD58: Master Degree | AE58: 5
B59: 9 | O59: Others | Q59: Amal K T | R59: അമൽ കെ ടി | T59: male | U59: 27 | V59: 1362 | W59: AMALT-2026-20260323022214.jpg | X59: 26kla730 | Y59: Peas | Z59: mlat.26kla730_shornur.amalkt | AE59: 6
B60: 10 | C60: Azhikode | D60: അഴീക്കോട് | E60: Kannur | F60: കണ്ണൂർ ജില്ല | G60: Q2980652 | H60: Q13110133 | J60: 185 | K60: 89967 | L60: 98280 | M60: 3 | N60: 188250 | O60: UDF | P60: IUML | Q60: Adv. Kareem Cheleri | R60: അഡ്വ. കരീം ചേലേരി | T60: male | U60: 63 | V60: 1194 | W60: ABDUL-2026-20260325115358.jpg | X60: 26kla150 | Y60: Ladder | Z60: mlat.26kla150_thiruvalla.kareemcheleri | AD60: Professional Degree | AE60: 1 | AF60: 63.3
B61: 10 | O61: NDA | P61: BJP | Q61: K. K. Vinod Kumar | R61: കെ. കെ. വിനോദ് കുമാർ | T61: male | U61: 58 | V61: 2595 | W61: VINOD-2026-20260323062416.jpg | X61: 26kla290 | Y61: Lotus | Z61: mlat.26kla290_koduvally.kkvinodkumar | AD61: Degree | AE61: 2
B62: 10 | O62: LDF | P62: CPI(M) | Q62: K. V. Sumesh | R62: കെ. വി. സുമേഷ് | S62: Q106682053 | T62: male | U62: 47 | V62: 661 | W62: KVSUM-2026-20260321044949.jpg | X62: 26kla010 | Y62: Hammer, Sickle and Star | Z62: mlat.26kla010_manjeshwaram.kvsumesh | AB62: YES | AC62: https://mlatrack.com/15kla/profiles/mlas/k_v_sumesh_a | AD62: Degree | AE62: 3
B63: 10 | O63: Others | P63: SUCI | Q63: Reshmi Ravi | R63: രശ്മി രവി | T63: female | U63: 35 | V63: 574 | W63: RESHM-2026-20260321034438.jpg | X63: 26kla949 | Y63: Battery Torch | Z63: mlat.26kla949_vattiyoorkavu.reshmiravi | AE63: 4
B64: 10 | O64: Others | Q64: Kareem Chandroth | R64: കരീം ചന്ദ്രോത്ത് | T64: male | U64: 65 | V64: 1890 | W64: ABDUL-2026-20260323044636.jpg | X64: 26kla814 | Y64: Bench | Z64: mlat.26kla814_vatakara.kareemchandroth | AA64: 26kla150 | AE64: 5
B65: 10 | O65: Others | Q65: Abdul Kareem. V. V | R65: അബ്ദുൾ കരീം. വി. വി | T65: male | U65: 49 | V65: 2002 | W65: ABDUL-2026-20260323051128.jpg | X65: 26kla694 | Y65: Refrigerator | Z65: mlat.26kla694_tarur.abdulkareemvv | AA65: 26kla150 | AE65: 6
B66: 10 | O66: Others | Q66: Sumesh Kumar. K | R66: സുമേഷ് കുമാർ. കെ | T66: male | U66: 39 | V66: 1800 | W66: SUMES-2026-20260323042713.jpg | X66: 26kla1024 | Y66: Belt | Z66: mlat.26kla1024_mananthavady.sumeshkumark | AA66: 26kla010 | AE66: 7
B67: 10 | O67: Others | Q67: Sumesh. T. P | R67: സുമേഷ്. ടി. പി | T67: male | U67: 49 | V67: 2224 | W67: SUMES-2026-20260325115501.jpg | X67: 26kla1025 | Y67: Ring | Z67: mlat.26kla1025_nilambur.sumeshtp | AA67: 26kla010 | AE67: 8
B68: 11 | C68: Kannur | D68: കണ്ണൂർ | E68: Kannur | F68: കണ്ണൂർ ജില്ല | G68: Q2980652 | H68: Q16137348 | J68: 179 | K68: 87817 | L68: 94865 | M68: 0 | N68: 182682 | O68: UDF | P68: INC | Q68: Adv. T. O. Mohanan | R68: അഡ്വ. ടി. ഒ. മോഹനൻ | T68: male | U68: 60 | V68: 4489 | W68: ADVT-2026-20260323031224.jpg | X68: 26kla151 | Y68: Hand | Z68: mlat.26kla151_perambra.tomohanan | AD68: Professional Degree | AE68: 1 | AF68: 70.9
B69: 11 | O69: NDA | P69: BJP | Q69: C. Raghunath | R69: സി. രഘുനാഥ് | T69: male | U69: 69 | V69: 1074 | W69: CRAGH-2026-20260321083645.jpg | X69: 26kla291 | Y69: Lotus | Z69: mlat.26kla291_koduvally.craghunath | AD69: Master Degree | AE69: 2
B70: 11 | O70: Others | P70: SUCI | Q70: M.K. Shahazad | R70: എം.കെ. ഷഹസാദ് | T70: male | U70: 36 | V70: 1051 | W70: MUHAM-2026-20260321081647.jpg | X70: 26kla848 | Y70: Battery Torch | Z70: mlat.26kla848_thrissur.mkshahazad | AE70: 3
B71: 11 | O71: LDF | P71: Congress (Secular) | Q71: Kadannappalli Ramachandran | R71: കടന്നപ്പള്ളി രാമചന്ദ്രൻ | S71: Q13564570 | T71: male | U71: 81 | V71: 1034 | W71: RAMAC-2026-20260321052020.jpg | X71: 26kla011 | Y71: Television | Z71: mlat.26kla011_perinthalmanna.kadannappalliramachandran | AB71: YES | AC71: https://mlatrack.com/15kla/profiles/key_functionaries/kadannappalli_ramachandran_k | AD71: Degree | AE71: 4
B72: 11 | O72: Others | P72: BJKP | Q72: Suresh Kumar | R72: സുരേഷ് കുമാർ | T72: male | U72: 59 | V72: 4500 | W72: SURES-2026-20260323044419.jpg | X72: 26kla1034 | Y72: Diamond | Z72: mlat.26kla1034_aranmula.sureshkumar | AE72: 5
B73: 11 | O73: Others | Q73: T.K. Mohanan | R73: ടി.കെ. മോഹനൻ | T73: male | U73: 64 | V73: 4410 | W73: THAZH-2026-20260323065513.jpg | X73: 26kla1042 | Y73: Bat | Z73: mlat.26kla1042_varkala.tkmohanan | AA73: 26kla151 | AE73: 6
B74: 11 | O74: Others | Q74: Ramachandran Kuniyil | R74: രാമചന്ദ്രൻ കുനിയിൽ | T74: male | U74: 64 | V74: 4441 | W74: RAMAC-2026-20260323063829.jpg | X74: 26kla933 | Y74: Bicycle Pump | Z74: mlat.26kla933_chathannoor.ramachandrankuniyil | AA74: 26kla011 | AE74: 7
B75: 12 | C75: Dharmadom | D75: ധർമ്മടം | E75: Kannur | F75: കണ്ണൂർ ജില്ല | G75: Q2980652 | H75: Q13112766 | J75: 198 | K75: 98049 | L75: 107950 | M75: 1 | N75: 206000 | O75: LDF | P75: CPI(M) | Q75: Pinarayi Vijayan | R75: പിണറായി വിജയൻ | S75: Q3595385 | T75: male | U75: 82 | V75: 431 | W75: PINAR-2026-20260319032036.jpg | X75: 26kla012 | Y75: Hammer, Sickle and Star | Z75: mlat.26kla012_perinthalmanna.pinarayivijayan | AB75: YES | AC75: https://mlatrack.com/15kla/profiles/key_functionaries/pinarayi_vijayan_d | AD75: Higher Secondary | AE75: 1 | AF75: 14.6
B76: 12 | O76: NDA | P76: BJP | Q76: K. Ranjith | R76: കെ. രഞ്ജിത്ത് | T76: male | U76: 58 | V76: 1274 | W76: RANJI-2026-20260323012502.jpg | X76: 26kla292 | Y76: Lotus | Z76: mlat.26kla292_eravipuram.kranjith | AD76: Degree | AE76: 2
B77: 12 | O77: UDF | P77: INC | Q77: Adv. V.P Abdul Rasheed | R77: അഡ്വ. വി. പി. അബ്ദുൾ റഷീദ് | T77: male | U77: 36 | V77: 658 | W77: RASHE-2026-20260323042011.jpg | X77: 26kla152 | Y77: Hand | Z77: mlat.26kla152_thrikkakara.vpabdulrasheed | AD77: Professional Degree | AE77: 3
B78: 12 | O78: Others | Q78: Vadi Hareendran | R78: വാദി ഹരീന്ദ്രൻ | T78: male | U78: 64 | V78: 1538 | W78: VADIH-2026-20260323031644.jpg | X78: 26kla1053 | Y78: Gas Cylinder | Z78: mlat.26kla1053_elathur.vadihareendran | AE78: 4
B79: 12 | O79: Others | Q79: Vijayan A.M S/o Kunhiraman | R79: വിജയൻ എ.എം S/O കുഞ്ഞിരാമൻ | T79: male | U79: 62 | V79: 1731 | W79: VIJAY-2026-20260323041028.jpg | X79: 26kla1063 | Y79: Gramaphone | Z79: mlat.26kla1063_aruvikkara.vijayanam | AA79: 26kla012 | AE79: 5
B80: 13 | C80: Thalassery | D80: തലശ്ശേരി | E80: Kannur | F80: കണ്ണൂർ ജില്ല | G80: Q2980652 | H80: Q7709532 | J80: 189 | K80: 89133 | L80: 96707 | M80: 1 | N80: 185841 | O80: LDF | P80: CPI(M) | Q80: Karayi Rajan | R80: കാരായി രാജൻ | T80: male | U80: 68 | V80: 1820 | W80: KARAY-2026-20260324052431.jpg | X80: 26kla013 | Y80: Hammer, Sickle and Star | Z80: mlat.26kla013_vengara.karayirajan | AD80: LP | AE80: 1 | AF80: 3.4
B81: 13 | O81: NDA | P81: BJP | Q81: O. Nidheesh | R81: ഒ. നിധീഷ് | T81: male | U81: 42 | V81: 1626 | W81: ONIDH-2026-20260326085924.jpg | X81: 26kla293 | Y81: Lotus | Z81: mlat.26kla293_devikulam.onidheesh | AD81: Degree | AE81: 2
B82: 13 | O82: UDF | P82: INC | Q82: K. P. Saju | R82: കെ. പി. സാജു | T82: male | U82: 58 | V82: 1529 | W82: SAJUK-2026-20260326085820.jpg | X82: 26kla153 | Y82: Hand | Z82: mlat.26kla153_manjeshwaram.sajukp | AD82: Degree | AE82: 3
B83: 13 | O83: Others | P83: SDPI | Q83: A.C. Jalaluddin | R83: എ. സി. ജലാലുദ്ദീൻ | T83: male | U83: 64 | V83: 1762 | W83: ACJAL-2026-20260326090031.jpg | X83: 26kla573 | Y83: Scissors | Z83: mlat.26kla573_sulthanbathery.acjalaluddheen | AE83: 4
B84: 13 | O84: Others | Q84: V. P. Rajan | R84: വി. പി. രാജൻ | T84: male | U84: 61 | V84: 2565 | W84: RAJAN-2026-20260326090155.jpg | X84: 26kla921 | Y84: Air Conditioner | Z84: mlat.26kla921_kothamangalam.vprajan | AA84: 26kla013 | AE84: 5
B85: 13 | O85: Others | Q85: Rajan O P | R85: രാജൻ ഒ പി | T85: male | U85: 70 | V85: 2335 | W85: RAJAN-2026-20260326090132.jpg | X85: 26kla920 | Y85: Dish Antenna | Z85: mlat.26kla920_chavara.rajanop | AA85: 26kla013 | AE85: 6
B86: 13 | O86: Others | Q86: Saju V P | R86: സാജു വി പി | T86: male | U86: 35 | V86: 1979 | W86: SAJUV-2026-20260326090013.jpg | X86: 26kla963 | Y86: Cutting plier | Z86: mlat.26kla963_chittur.sajuvp | AA86: 26kla153 | AE86: 7
B87: 14 | C87: Kuthuparamba | D87: കൂത്തുപറമ്പ് | E87: Kannur | F87: കണ്ണൂർ ജില്ല | G87: Q2980652 | H87: Q17379603 | J87: 215 | K87: 100327 | L87: 105444 | M87: 0 | N87: 205771 | O87: UDF | P87: IUML | Q87: Jayanthi Rajan | R87: ജയന്തി രാജൻ | T87: female | U87: 46 | V87: 4749 | W87: JAYAN-2026-20260323040004.jpg | X87: 26kla154 | Y87: Ladder | Z87: mlat.26kla154_elathur.jayanthirajan | AD87: High School | AE87: 1 | AF87: 63
B88: 14 | O88: NDA | P88: BJP | Q88: Adv. Shijilal | R88: അഡ്വ. ഷിജിലാൽ | T88: male | U88: 49 | V88: 3458 | W88: SHIJI-2026-20260323053921.jpg | X88: 26kla294 | Y88: Lotus | Z88: mlat.26kla294_pathanapuram.shijilal | AD88: Professional Degree | AE88: 2
B89: 14 | O89: Others | P89: AAP | Q89: Rafeed AP | R89: റഫീദ് എ. പി. | T89: male | U89: 36 | V89: 3329 | W89: RAFEE-2026-20260323045952.jpg | X89: 26kla434 | Y89: Broom | Z89: mlat.26kla434_azhikode.rafeedap | AE89: 3
B90: 14 | O90: LDF | P90: RJD | Q90: P. K. Praveen | R90: പി. കെ. പ്രവീൺ | T90: male | U90: 56 | V90: 4761 | W90: PKPRA-2026-20260321021459.jpg | X90: 26kla014 | Y90: Hurricane Lamp | Z90: mlat.26kla014_palakkad.pkpraveen | AD90: Master Degree | AE90: 4
B91: 14 | O91: Others | Q91: Jayanthi | R91: ജയന്തി | T91: female | U91: 50 | V91: 3922 | W91: JAYAN-2026-20260325043436.jpg | X91: 26kla795 | Y91: Flute | Z91: mlat.26kla795_thalassery.jayanthi | AA91: 26kla154 | AE91: 5
B92: 14 | O92: Others | Q92: Praveen Kumar | R92: പ്രവീൺ കുമാർ | T92: male | U92: 43 | V92: 3258 | W92: PRAVE-2026-20260323051148.jpg | X92: 26kla909 | Y92: Letter Box | Z92: mlat.26kla909_kottayam.praveenkumar | AA92: 26kla014 | AE92: 6
B93: 14 | O93: Others | Q93: K. P. Mohanan | R93: കെ. പി. മോഹനൻ | T93: male | U93: 56 | V93: 3234 | W93: MOHAN-2026-20260323044300.jpg | X93: 26kla856 | Y93: Frock | Z93: mlat.26kla856_aruvikkara.kpmohanan | AE93: 7
B94: 14 | O94: Others | Q94: M. Shylaja | R94: എം. ഷൈലജ | T94: female | U94: 45 | V94: 3090 | W94: SHYLA-2026-20260323043403.jpg | X94: 26kla1001 | Y94: Kettle | Z94: mlat.26kla1001_vaikom.mshylaja | AE94: 8
B95: 14 | O95: Others | Q95: Shahul Hameed | R95: ഷാഹുൽ ഹമീദ് | T95: male | U95: 44 | V95: 3885 | W95: SHAHU-2026-20260323062542.jpg | X95: 26kla986 | Y95: Refrigerator | Z95: mlat.26kla986_kayamkulam.shahulhameed | AE95: 9
B96: 15 | C96: Mattanur | D96: മട്ടന്നൂർ | E96: Kannur | F96: കണ്ണൂർ ജില്ല | G96: Q2980652 | H96: Q16134425 | J96: 205 | K96: 97553 | L96: 104166 | M96: 0 | N96: 201719 | O96: UDF | P96: INC | Q96: Chandran Thillankeri | R96: ചന്ദ്രൻ തില്ലങ്കേരി | T96: male | U96: 57 | V96: 1808 | W96: CHAND-2026-20260324030855.jpg | X96: 26kla155 | Y96: Hand | Z96: mlat.26kla155_thrissur.chandranthillankeri | AD96: Degree | AE96: 1 | AF96: 11.2
B97: 15 | O97: NDA | P97: BJP | Q97: Biju Elakkuzhi | R97: ബിജു ഇളക്കുഴി | T97: male | U97: 46 | V97: 2041 | W97: BIJUK-2026-20260324031200.jpg | X97: 26kla295 | Y97: Lotus | Z97: mlat.26kla295_manjeshwaram.bijuelakkuzhi | AD97: High School | AE97: 2
B98: 15 | O98: LDF | P98: CPI(M) | Q98: V. K. Sanoj | R98: വി. കെ. സനോജ് | S98: Q131584190 | T98: male | U98: 43 | V98: 2123 | W98: SANOJ-2026-20260324031352.jpg | X98: 26kla015 | Y98: Hammer, Sickle and Star | Z98: mlat.26kla015_kunnamangalam.vksanoj | AD98: Master Degree | AE98: 3
B99: 15 | O99: Others | P99: SDPI | Q99: Basheer Punnad | R99: ബഷീർ പുന്നാട് | T99: male | U99: 51 | V99: 1946 | W99: VMUHA-2026-20260324031632.jpg | X99: 26kla575 | Y99: Scissors | Z99: mlat.26kla575_alathur.basheerpunnad | AE99: 4
B100: 15 | O100: Others | Q100: Chandran Thengalath | R100: ചന്ദ്രൻ തെങ്ങലത്ത് | T100: male | U100: 51 | V100: 2596 | W100: TCHAN-2026-20260324031738.jpg | X100: 26kla764 | Y100: Baby Walker | Z100: mlat.26kla764_manalur.chandranthengalath | AA100: 26kla155 | AE100: 5
B101: 15 | O101: Others | Q101: Sanoj | R101: സനോജ് | T101: male | U101: 45 | V101: 1897 | W101: SANOJ-2026-20260324031808.jpg | X101: 26kla974 | Y101: Gramaphone | Z101: mlat.26kla974_thiruvambady.sanoj | AA101: 26kla015 | AE101: 6
...

Sheet Symbols
B2: S.N | C2: Symbol | D2: Party | E2: Image
B3: 1 | C3: Air Conditioner
B4: 2 | C4: Almirah
B5: 3 | C5: Auto Rikshaw | D5: KEC
B6: 4 | C6: Baby Walker | D6: BJP
B7: 5 | C7: Balloon
B8: 6 | C8: Bangles
B9: 7 | C9: Bat
B10: 8 | C10: Batsman
B11: 9 | C11: Battery Torch
B12: 10 | C12: Bead Necklace
B13: 11 | C13: Belt
B14: 12 | C14: Bench
B15: 13 | C15: Bicycle Pump
B16: 14 | C16: Binoculars
B17: 15 | C17: Black Board | D17: CPIML Red Star
B18: 16 | C18: Boat with man and Sail
B19: 17 | C19: Broom
B20: 18 | C20: Brush
B21: 19 | C21: Bucket
B22: 20 | C22: Calculator
B23: 21 | C23: Camera
B24: 22 | C24: Capsicum
B25: 23 | C25: Cauli Flower
B26: 24 | C26: CCTV Camera
B27: 25 | C27: Chain
B28: 26 | C28: Chappals
B29: 27 | C29: Clock | D29: NCP
B30: 28 | C30: Coat
B31: 29 | C31: Coconut Farm
B32: 30 | C32: Colour Tray and Brush
B33: 31 | C33: Computer
B34: 32 | C34: Cutting plier
B35: 33 | C35: Diamond
B36: 34 | C36: Dish Antenna
B37: 35 | C37: Drilling Machine
B38: 36 | C38: Dustbin
B39: 37 | C39: Ears of Corn and Sickle | D39: CPI
B40: 38 | C40: Electric Pole
B41: 39 | C41: Elephant | D41: BSP
B42: 40 | C42: Flag with three Stars
B43: 41 | C43: Flute
B44: 42 | C44: Football player
B45: 43 | C45: Fountain
B46: 44 | C46: Frock
B47: 45 | C47: Funnel
B48: 46 | C48: Ganna Kisan | D48: RPI (A)
B49: 47 | C49: Gas Cylinder
B50: 48 | C50: Gas Stove
B51: 49 | C51: Ginger
B52: 50 | C52: Gramaphone
B53: 51 | C53: Grapes
B54: 52 | C54: Hammer, Sickle and Star | D54: CPI(M)
B55: 53 | C55: Hand | D55: INC
B56: 54 | C56: Hand cart
B57: 55 | C57: Headphone
B58: 56 | C58: Helmet
B59: 57 | C59: Hurricane Lamp | D59: RJD
B60: 58 | C60: Ice cream
B61: 59 | C61: Jackfruit
B62: 60 | C62: Kettle
B63: 61 | C63: Ladder | D63: IUML
B64: 62 | C64: Lady Finger
B65: 63 | C65: Laptop
B66: 64 | C66: Letter Box
B67: 65 | C67: Lotus
B68: 66 | C68: Man blowing Turha | D68: NCP(SP)
B69: 67 | C69: Matchbox
B70: 68 | C70: Peas
B71: 69 | C71: Pen nib with Seven Rays
B72: 70 | C72: Pen Stand
B73: 71 | C73: Pestle and Mortar
B74: 72 | C74: Plate and Stand
B75: 73 | C75: Pressure Cooker
B76: 74 | C76: Razor
B77: 75 | C77: Refrigerator
B78: 76 | C78: Ring
B79: 77 | C79: Road roller
B80: 78 | C80: Robot
... B84: 82 | C84: Sitar
B85: 83 | C85: Spade and Stoker | D85: RSP
B86: 84 | C86: Stumps
B87: 85 | C87: Table
B88: 86 | C88: Telephone
B89: 87 | C89: Television
B90: 88 | C90: Truck
B91: 89 | C91: TV Remote
B92: 90 | C92: Two leaves | D92: Kerala Congress (M)
B93: 91 | C93: Wall Hook
B94: 92 | C94: Water melon
B95: 93 | C95: Water Tank
B96: 94 | C96: Whistle
B97: 95 | C97: Window

Sheet Constituencies
B2: Number | C2: Constituency | D2: Constituency_Ml | E2: Loksabha | F2: District | G2: District_Ml | H2: District_qid | I2: qid | J2: Reservation | K2: Male_Voters | L2: Femal_Voters | M2: Total_Voters | N2: Polling Booths
B3: 1 | C3: {=_xlfn.XLOOKUP(Constituencies!$B3,Candidates[[number]:[number]],Candidates[name])} -> Manjeshwaram | D3: {=_xlfn.XLOOKUP(Constituencies!$B3,Candidates[[number]:[number]],Candidates[nameMalayalam])} -> മഞ്ചേശ്വരം | E3: =_xlfn.XLOOKUP(Constituency[[#This Row],[Constituency]],Vote_History[constituency],Vote_History[ParliamentaryConstituency]) -> Kasaragod | F3: {=_xlfn.XLOOKUP(Constituencies!$B3,Candidates[[number]:[number]],Candidates[district])} -> Kasaragod | G3: {=_xlfn.XLOOKUP(Constituencies!$B3,Candidates[[number]:[number]],Candidates[districtMalayalam])} -> കാസർഗോഡ് ജില്ല | H3: {=_xlfn.XLOOKUP(Constituencies!$B3,Candidates[[number]:[number]],Candidates[districtQid])} -> Q1419703 | I3: {=_xlfn.XLOOKUP(Constituencies!$B3,Candidates[[number]:[number]],Candidates[qid])} -> Q13113782 | J3: {=IF(_xlfn.XLOOKUP(Constituencies!$B3,Candidates[[number]:[number]],Candidates[reservation])="","GEN", _xlfn.XLOOKUP(Constituencies!$B3,Candidates[[number]:[number]],Candidates[reservation]))} -> GEN | K3: {=_xlfn.XLOOKUP(Constituencies!$B3,Candidates[[number]:[number]],Candidates[votersMale])} -> 115801 | L3: {=_xlfn.XLOOKUP(Constituencies!$B3,Candidates[[number]:[number]],Candidates[votersFemale])} -> 114312 | M3: {=_xlfn.XLOOKUP(Constituencies!$B3,Candidates[[number]:[number]],Candidates[votersTotal])} -> 230113 | N3: {=_xlfn.XLOOKUP(Constituencies!$B3,Candidates[[number]:[number]],Candidates[pollingBooths])} -> 229
B4: 2 | C4: {=_xlfn.XLOOKUP(Constituencies!$B4,Candidates[[number]:[number]],Candidates[name])} -> Kasaragod | D4: {=_xlfn.XLOOKUP(Constituencies!$B4,Candidates[[number]:[number]],Candidates[nameMalayalam])} -> കാസർഗോഡ് | E4: =_xlfn.XLOOKUP(Constituency[[#This Row],[Constituency]],Vote_History[constituency],Vote_History[ParliamentaryConstituency]) -> Kasaragod | F4: {=_xlfn.XLOOKUP(Constituencies!$B4,Candidates[[number]:[number]],Candidates[district])} -> Kasaragod | G4: {=_xlfn.XLOOKUP(Constituencies!$B4,Candidates[[number]:[number]],Candidates[districtMalayalam])} -> കാസർഗോഡ് ജില്ല | H4: {=_xlfn.XLOOKUP(Constituencies!$B4,Candidates[[number]:[number]],Candidates[districtQid])} -> Q1419703 | I4: {=_xlfn.XLOOKUP(Constituencies!$B4,Candidates[[number]:[number]],Candidates[qid])} -> Q13111222 | J4: {=IF(_xlfn.XLOOKUP(Constituencies!$B4,Candidates[[number]:[number]],Candidates[reservation])="","GEN", _xlfn.XLOOKUP(Constituencies!$B4,Candidates[[number]:[number]],Candidates[reservation]))} -> GEN | K4: {=_xlfn.XLOOKUP(Constituencies!$B4,Candidates[[number]:[number]],Candidates[votersMale])} -> 105524 | L4: {=_xlfn.XLOOKUP(Constituencies!$B4,Candidates[[number]:[number]],Candidates[votersFemale])} -> 105399 | M4: {=_xlfn.XLOOKUP(Constituencies!$B4,Candidates[[number]:[number]],Candidates[votersTotal])} -> 210923 | N4: {=_xlfn.XLOOKUP(Constituencies!$B4,Candidates[[number]:[number]],Candidates[pollingBooths])} -> 218
B5: 3 | C5: {=_xlfn.XLOOKUP(Constituencies!$B5,Candidates[[number]:[number]],Candidates[name])} -> Udma | D5: {=_xlfn.XLOOKUP(Constituencies!$B5,Candidates[[number]:[number]],Candidates[nameMalayalam])} -> ഉദുമ | E5: =_xlfn.XLOOKUP(Constituency[[#This Row],[Constituency]],Vote_History[constituency],Vote_History[ParliamentaryConstituency]) -> Kasaragod | F5: {=_xlfn.XLOOKUP(Constituencies!$B5,Candidates[[number]:[number]],Candidates[district])} -> Kasaragod | G5: {=_xlfn.XLOOKUP(Constituencies!$B5,Candidates[[number]:[number]],Candidates[districtMalayalam])} -> കാസർഗോഡ് ജില്ല | H5: {=_xlfn.XLOOKUP(Constituencies!$B5,Candidates[[number]:[number]],Candidates[districtQid])} -> Q1419703 | I5: {=_xlfn.XLOOKUP(Constituencies!$B5,Candidates[[number]:[number]],Candidates[qid])} -> Q13110513 | J5: {=IF(_xlfn.XLOOKUP(Constituencies!$B5,Candidates[[number]:[number]],Candidates[reservation])="","GEN", _xlfn.XLOOKUP(Constituencies!$B5,Candidates[[number]:[number]],Candidates[reservation]))} -> GEN | K5: {=_xlfn.XLOOKUP(Constituencies!$B5,Candidates[[number]:[number]],Candidates[votersMale])} -> 112166 | L5: {=_xlfn.XLOOKUP(Constituencies!$B5,Candidates[[number]:[number]],Candidates[votersFemale])} -> 116342 | M5: {=_xlfn.XLOOKUP(Constituencies!$B5,Candidates[[number]:[number]],Candidates[votersTotal])} -> 228512 | N5: {=_xlfn.XLOOKUP(Constituencies!$B5,Candidates[[number]:[number]],Candidates[pollingBooths])} -> 237
B6: 4 | C6: {=_xlfn.XLOOKUP(Constituencies!$B6,Candidates[[number]:[number]],Candidates[name])} -> Kanhangad | D6: {=_xlfn.XLOOKUP(Constituencies!$B6,Candidates[[number]:[number]],Candidates[nameMalayalam])} -> കാഞ്ഞങ്ങാട് | E6: =_xlfn.XLOOKUP(Constituency[[#This Row],[Constituency]],Vote_History[constituency],Vote_History[ParliamentaryConstituency]) -> Kasaragod | F6: {=_xlfn.XLOOKUP(Constituencies!$B6,Candidates[[number]:[number]],Candidates[district])} -> Kasaragod | G6: {=_xlfn.XLOOKUP(Constituencies!$B6,Candidates[[number]:[number]],Candidates[districtMalayalam])} -> കാസർഗോഡ് ജില്ല | H6: {=_xlfn.XLOOKUP(Constituencies!$B6,Candidates[[number]:[number]],Candidates[districtQid])} -> Q1419703 | I6: {=_xlfn.XLOOKUP(Constituencies!$B6,Candidates[[number]:[number]],Candidates[qid])} -> Q13111113 | J6: {=IF(_xlfn.XLOOKUP(Constituencies!$B6,Candidates[[number]:[number]],Candidates[reservation])="","GEN", _xlfn.XLOOKUP(Constituencies!$B6,Candidates[[number]:[number]],Candidates[reservation]))} -> GEN | K6: {=_xlfn.XLOOKUP(Constituencies!$B6,Candidates[[number]:[number]],Candidates[votersMale])} -> 109008 | L6: {=_xlfn.XLOOKUP(Constituencies!$B6,Candidates[[number]:[number]],Candidates[votersFemale])} -> 114966 | M6: {=_xlfn.XLOOKUP(Constituencies!$B6,Candidates[[number]:[number]],Candidates[votersTotal])} -> 223980 | N6: {=_xlfn.XLOOKUP(Constituencies!$B6,Candidates[[number]:[number]],Candidates[pollingBooths])} -> 239
B7: 5 | C7: {=_xlfn.XLOOKUP(Constituencies!$B7,Candidates[[number]:[number]],Candidates[name])} -> Thrikaripur | D7: {=_xlfn.XLOOKUP(Constituencies!$B7,Candidates[[number]:[number]],Candidates[nameMalayalam])} -> തൃക്കരിപ്പൂർ | E7: =_xlfn.XLOOKUP(Constituency[[#This Row],[Constituency]],Vote_History[constituency],Vote_History[ParliamentaryConstituency]) -> Kasaragod | F7: {=_xlfn.XLOOKUP(Constituencies!$B7,Candidates[[number]:[number]],Candidates[district])} -> Kasaragod | G7: {=_xlfn.XLOOKUP(Constituencies!$B7,Candidates[[number]:[number]],Candidates[districtMalayalam])} -> കാസർഗോഡ് ജില്ല | H7: {=_xlfn.XLOOKUP(Constituencies!$B7,Candidates[[number]:[number]],Candidates[districtQid])} -> Q1419703 | I7: {=_xlfn.XLOOKUP(Constituencies!$B7,Candidates[[number]:[number]],Candidates[qid])} -> Q16137696 | J7: {=IF(_xlfn.XLOOKUP(Constituencies!$B7,Candidates[[number]:[number]],Candidates[reservation])="","GEN", _xlfn.XLOOKUP(Constituencies!$B7,Candidates[[number]:[number]],Candidates[reservation]))} -> GEN | K7: {=_xlfn.XLOOKUP(Constituencies!$B7,Candidates[[number]:[number]],Candidates[votersMale])} -> 102044 | L7: {=_xlfn.XLOOKUP(Constituencies!$B7,Candidates[[number]:[number]],Candidates[votersFemale])} -> 108044 | M7: {=_xlfn.XLOOKUP(Constituencies!$B7,Candidates[[number]:[number]],Candidates[votersTotal])} -> 210090 | N7: {=_xlfn.XLOOKUP(Constituencies!$B7,Candidates[[number]:[number]],Candidates[pollingBooths])} -> 218
B8: 6 | C8: {=_xlfn.XLOOKUP(Constituencies!$B8,Candidates[[number]:[number]],Candidates[name])} -> Payyanur | D8: {=_xlfn.XLOOKUP(Constituencies!$B8,Candidates[[number]:[number]],Candidates[nameMalayalam])} -> പയ്യന്നൂർ | E8: =_xlfn.XLOOKUP(Constituency[[#This Row],[Constituency]],Vote_History[constituency],Vote_History[ParliamentaryConstituency]) -> Kasaragod | F8: {=_xlfn.XLOOKUP(Constituencies!$B8,Candidates[[number]:[number]],Candidates[district])} -> Kannur | G8: {=_xlfn.XLOOKUP(Constituencies!$B8,Candidates[[number]:[number]],Candidates[districtMalayalam])} -> കണ്ണൂർ ജില്ല | H8: {=_xlfn.XLOOKUP(Constituencies!$B8,Candidates[[number]:[number]],Candidates[districtQid])} -> Q2980652 | I8: {=_xlfn.XLOOKUP(Constituencies!$B8,Candidates[[number]:[number]],Candidates[qid])} -> Q17379122 | J8: {=IF(_xlfn.XLOOKUP(Constituencies!$B8,Candidates[[number]:[number]],Candidates[reservation])="","GEN", _xlfn.XLOOKUP(Constituencies!$B8,Candidates[[number]:[number]],Candidates[reservation]))} -> GEN | K8: {=_xlfn.XLOOKUP(Constituencies!$B8,Candidates[[number]:[number]],Candidates[votersMale])} -> 91006 | L8: {=_xlfn.XLOOKUP(Constituencies!$B8,Candidates[[number]:[number]],Candidates[votersFemale])} -> 97926 | M8: {=_xlfn.XLOOKUP(Constituencies!$B8,Candidates[[number]:[number]],Candidates[votersTotal])} -> 188935 | N8: {=_xlfn.XLOOKUP(Constituencies!$B8,Candidates[[number]:[number]],Candidates[pollingBooths])} -> 192
B9: 7 | C9: {=_xlfn.XLOOKUP(Constituencies!$B9,Candidates[[number]:[number]],Candidates[name])} -> Kalliasseri | D9: {=_xlfn.XLOOKUP(Constituencies!$B9,Candidates[[number]:[number]],Candidates[nameMalayalam])} -> കല്ല്യാശ്ശേരി | E9: =_xlfn.XLOOKUP(Constituency[[#This Row],[Constituency]],Vote_History[constituency],Vote_History[ParliamentaryConstituency]) -> Kasaragod | F9: {=_xlfn.XLOOKUP(Constituencies!$B9,Candidates[[number]:[number]],Candidates[district])} -> Kannur | G9: {=_xlfn.XLOOKUP(Constituencies!$B9,Candidates[[number]:[number]],Candidates[districtMalayalam])} -> കണ്ണൂർ ജില്ല | H9: {=_xlfn.XLOOKUP(Constituencies!$B9,Candidates[[number]:[number]],Candidates[districtQid])} -> Q2980652 | I9: {=_xlfn.XLOOKUP(Constituencies!$B9,Candidates[[number]:[number]],Candidates[qid])} -> Q13111077 | J9: {=IF(_xlfn.XLOOKUP(Constituencies!$B9,Candidates[[number]:[number]],Candidates[reservation])="","GEN", _xlfn.XLOOKUP(Constituencies!$B9,Candidates[[number]:[number]],Candidates[reservation]))} -> GEN | K9: {=_xlfn.XLOOKUP(Constituencies!$B9,Candidates[[number]:[number]],Candidates[votersMale])} -> 97648 | L9: {=_xlfn.XLOOKUP(Constituencies!$B9,Candidates[[number]:[number]],Candidates[votersFemale])} -> 106147 | M9: {=_xlfn.XLOOKUP(Constituencies!$B9,Candidates[[number]:[number]],Candidates[votersTotal])} -> 203796 | N9: {=_xlfn.XLOOKUP(Constituencies!$B9,Candidates[[number]:[number]],Candidates[pollingBooths])} -> 184
B10: 8 | C10: {=_xlfn.XLOOKUP(Constituencies!$B10,Candidates[[number]:[number]],Candidates[name])} -> Taliparamba | D10: {=_xlfn.XLOOKUP(Constituencies!$B10,Candidates[[number]:[number]],Candidates[nameMalayalam])} -> തളിപ്പറമ്പ് | E10: =_xlfn.XLOOKUP(Constituency[[#This Row],[Constituency]],Vote_History[constituency],Vote_History[ParliamentaryConstituency]) -> Kannur | F10: {=_xlfn.XLOOKUP(Constituencies!$B10,Candidates[[number]:[number]],Candidates[district])} -> Kannur | G10: {=_xlfn.XLOOKUP(Constituencies!$B10,Candidates[[number]:[number]],Candidates[districtMalayalam])} -> കണ്ണൂർ ജില്ല | H10: {=_xlfn.XLOOKUP(Constituencies!$B10,Candidates[[number]:[number]],Candidates[districtQid])} -> Q2980652 | I10: {=_xlfn.XLOOKUP(Constituencies!$B10,Candidates[[number]:[number]],Candidates[qid])} -> Q17379268 | J10: {=IF(_xlfn.XLOOKUP(Constituencies!$B10,Candidates[[number]:[number]],Candidates[reservation])="","GEN", _xlfn.XLOOKUP(Constituencies!$B10,Candidates[[number]:[number]],Candidates[reservation]))} -> GEN | K10: {=_xlfn.XLOOKUP(Constituencies!$B10,Candidates[[number]:[number]],Candidates[votersMale])} -> 111926 | L10: {=_xlfn.XLOOKUP(Constituencies!$B10,Candidates[[number]:[number]],Candidates[votersFemale])} -> 120353 | M10: {=_xlfn.XLOOKUP(Constituencies!$B10,Candidates[[number]:[number]],Candidates[votersTotal])} -> 232280 | N10: {=_xlfn.XLOOKUP(Constituencies!$B10,Candidates[[number]:[number]],Candidates[pollingBooths])} -> 233
B11: 9 | C11: {=_xlfn.XLOOKUP(Constituencies!$B11,Candidates[[number]:[number]],Candidates[name])} -> Irikkur | D11: {=_xlfn.XLOOKUP(Constituencies!$B11,Candidates[[number]:[number]],Candidates[nameMalayalam])} -> ഇരിക്കൂർ | E11: =_xlfn.XLOOKUP(Constituency[[#This Row],[Constituency]],Vote_History[constituency],Vote_History[ParliamentaryConstituency]) -> Kannur | F11: {=_xlfn.XLOOKUP(Constituencies!$B11,Candidates[[number]:[number]],Candidates[district])} -> Kannur | G11: {=_xlfn.XLOOKUP(Constituencies!$B11,Candidates[[number]:[number]],Candidates[districtMalayalam])} -> കണ്ണൂർ ജില്ല | H11: {=_xlfn.XLOOKUP(Constituencies!$B11,Candidates[[number]:[number]],Candidates[districtQid])} -> Q2980652 | I11: {=_xlfn.XLOOKUP(Constituencies!$B11,Candidates[[number]:[number]],Candidates[qid])} -> Q13110432 | J11: {=IF(_xlfn.XLOOKUP(Constituencies!$B11,Candidates[[number]:[number]],Candidates[reservation])="","GEN", _xlfn.XLOOKUP(Constituencies!$B11,Candidates[[number]:[number]],Candidates[reservation]))} -> GEN | K11: {=_xlfn.XLOOKUP(Constituencies!$B11,Candidates[[number]:[number]],Candidates[votersMale])} -> 98862 | L11: {=_xlfn.XLOOKUP(Constituencies!$B11,Candidates[[number]:[number]],Candidates[votersFemale])} -> 100464 | M11: {=_xlfn.XLOOKUP(Constituencies!$B11,Candidates[[number]:[number]],Candidates[votersTotal])} -> 199326 | N11: {=_xlfn.XLOOKUP(Constituencies!$B11,Candidates[[number]:[number]],Candidates[pollingBooths])} -> 214
B12: 10 | C12: {=_xlfn.XLOOKUP(Constituencies!$B12,Candidates[[number]:[number]],Candidates[name])} -> Azhikode | D12: {=_xlfn.XLOOKUP(Constituencies!$B12,Candidates[[number]:[number]],Candidates[nameMalayalam])} -> അഴീക്കോട് | E12: =_xlfn.XLOOKUP(Constituency[[#This Row],[Constituency]],Vote_History[constituency],Vote_History[ParliamentaryConstituency]) -> Kannur | F12: {=_xlfn.XLOOKUP(Constituencies!$B12,Candidates[[number]:[number]],Candidates[district])} -> Kannur | G12: {=_xlfn.XLOOKUP(Constituencies!$B12,Candidates[[number]:[number]],Candidates[districtMalayalam])} -> കണ്ണൂർ ജില്ല | H12: {=_xlfn.XLOOKUP(Constituencies!$B12,Candidates[[number]:[number]],Candidates[districtQid])} -> Q2980652 | I12: {=_xlfn.XLOOKUP(Constituencies!$B12,Candidates[[number]:[number]],Candidates[qid])} -> Q13110133 | J12: {=IF(_xlfn.XLOOKUP(Constituencies!$B12,Candidates[[number]:[number]],Candidates[reservation])="","GEN", _xlfn.XLOOKUP(Constituencies!$B12,Candidates[[number]:[number]],Candidates[reservation]))} -> GEN | K12: {=_xlfn.XLOOKUP(Constituencies!$B12,Candidates[[number]:[number]],Candidates[votersMale])} -> 89967 | L12: {=_xlfn.XLOOKUP(Constituencies!$B12,Candidates[[number]:[number]],Candidates[votersFemale])} -> 98280 | M12: {=_xlfn.XLOOKUP(Constituencies!$B12,Candidates[[number]:[number]],Candidates[votersTotal])} -> 188250 | N12: {=_xlfn.XLOOKUP(Constituencies!$B12,Candidates[[number]:[number]],Candidates[pollingBooths])} -> 185
B13: 11 | C13: {=_xlfn.XLOOKUP(Constituencies!$B13,Candidates[[number]:[number]],Candidates[name])} -> Kannur | D13: {=_xlfn.XLOOKUP(Constituencies!$B13,Candidates[[number]:[number]],Candidates[nameMalayalam])} -> കണ്ണൂർ | E13: =_xlfn.XLOOKUP(Constituency[[#This Row],[Constituency]],Vote_History[constituency],Vote_History[ParliamentaryConstituency]) -> Kannur | F13: {=_xlfn.XLOOKUP(Constituencies!$B13,Candidates[[number]:[number]],Candidates[district])} -> Kannur | G13: {=_xlfn.XLOOKUP(Constituencies!$B13,Candidates[[number]:[number]],Candidates[districtMalayalam])} -> കണ്ണൂർ ജില്ല | H13: {=_xlfn.XLOOKUP(Constituencies!$B13,Candidates[[number]:[number]],Candidates[districtQid])} -> Q2980652 | I13: {=_xlfn.XLOOKUP(Constituencies!$B13,Candidates[[number]:[number]],Candidates[qid])} -> Q16137348 | J13: {=IF(_xlfn.XLOOKUP(Constituencies!$B13,Candidates[[number]:[number]],Candidates[reservation])="","GEN", _xlfn.XLOOKUP(Constituencies!$B13,Candidates[[number]:[number]],Candidates[reservation]))} -> GEN | K13: {=_xlfn.XLOOKUP(Constituencies!$B13,Candidates[[number]:[number]],Candidates[votersMale])} -> 87817 | L13: {=_xlfn.XLOOKUP(Constituencies!$B13,Candidates[[number]:[number]],Candidates[votersFemale])} -> 94865 | M13: {=_xlfn.XLOOKUP(Constituencies!$B13,Candidates[[number]:[number]],Candidates[votersTotal])} -> 182682 | N13: {=_xlfn.XLOOKUP(Constituencies!$B13,Candidates[[number]:[number]],Candidates[pollingBooths])} -> 179
B14: 12 | C14: {=_xlfn.XLOOKUP(Constituencies!$B14,Candidates[[number]:[number]],Candidates[name])} -> Dharmadom | D14: {=_xlfn.XLOOKUP(Constituencies!$B14,Candidates[[number]:[number]],Candidates[nameMalayalam])} -> ധർമ്മടം | E14: =_xlfn.XLOOKUP(Constituency[[#This Row],[Constituency]],Vote_History[constituency],Vote_History[ParliamentaryConstituency]) -> Kannur | F14: {=_xlfn.XLOOKUP(Constituencies!$B14,Candidates[[number]:[number]],Candidates[district])} -> Kannur | G14: {=_xlfn.XLOOKUP(Constituencies!$B14,Candidates[[number]:[number]],Candidates[districtMalayalam])} -> കണ്ണൂർ ജില്ല | H14: {=_xlfn.XLOOKUP(Constituencies!$B14,Candidates[[number]:[number]],Candidates[districtQid])} -> Q2980652 | I14: {=_xlfn.XLOOKUP(Constituencies!$B14,Candidates[[number]:[number]],Candidates[qid])} -> Q13112766 | J14: {=IF(_xlfn.XLOOKUP(Constituencies!$B14,Candidates[[number]:[number]],Candidates[reservation])="","GEN", _xlfn.XLOOKUP(Constituencies!$B14,Candidates[[number]:[number]],Candidates[reservation]))} -> GEN | K14: {=_xlfn.XLOOKUP(Constituencies!$B14,Candidates[[number]:[number]],Candidates[votersMale])} -> 98049 | L14: {=_xlfn.XLOOKUP(Constituencies!$B14,Candidates[[number]:[number]],Candidates[votersFemale])} -> 107950 | M14: {=_xlfn.XLOOKUP(Constituencies!$B14,Candidates[[number]:[number]],Candidates[votersTotal])} -> 206000 | N14: {=_xlfn.XLOOKUP(Constituencies!$B14,Candidates[[number]:[number]],Candidates[pollingBooths])} -> 198
... B142: 140 | C142: {=_xlfn.XLOOKUP(Constituencies!$B142,Candidates[[number]:[number]],Candidates[name])} -> Neyyattinkara | D142: {=_xlfn.XLOOKUP(Constituencies!$B142,Candidates[[number]:[number]],Candidates[nameMalayalam])} -> നെയ്യാറ്റിൻകര | E142: =_xlfn.XLOOKUP(Constituency[[#This Row],[Constituency]],Vote_History[constituency],Vote_History[ParliamentaryConstituency]) -> Thiruvananthapuram | F142: {=_xlfn.XLOOKUP(Constituencies!$B142,Candidates[[number]:[number]],Candidates[district])} -> Thiruvananthapuram | G142: {=_xlfn.XLOOKUP(Constituencies!$B142,Candidates[[number]:[number]],Candidates[districtMalayalam])} -> തിരുവനന്തപുരം ജില്ല | H142: {=_xlfn.XLOOKUP(Constituencies!$B142,Candidates[[number]:[number]],Candidates[districtQid])} -> Q162612 | I142: {=_xlfn.XLOOKUP(Constituencies!$B142,Candidates[[number]:[number]],Candidates[qid])} -> Q16136265 | J142: {=IF(_xlfn.XLOOKUP(Constituencies!$B142,Candidates[[number]:[number]],Candidates[reservation])="","GEN", _xlfn.XLOOKUP(Constituencies!$B142,Candidates[[number]:[number]],Candidates[reservation]))} -> GEN | K142: {=_xlfn.XLOOKUP(Constituencies!$B142,Candidates[[number]:[number]],Candidates[votersMale])} -> 82177 | L142: {=_xlfn.XLOOKUP(Constituencies!$B142,Candidates[[number]:[number]],Candidates[votersFemale])} -> 85199 | M142: {=_xlfn.XLOOKUP(Constituencies!$B142,Candidates[[number]:[number]],Candidates[votersTotal])} -> 167377 | N142: {=_xlfn.XLOOKUP(Constituencies!$B142,Candidates[[number]:[number]],Candidates[pollingBooths])} -> 214

Sheet Others
B2: Parliament_Const | C2: Parliament_Const_ML | F2: Kasaragod | G2: Kannur | H2: Wayanad | I2: Kozhikode | J2: Malappuram | K2: Palakkad | L2: Thrissur | M2: Ernakulam | N2: Idukki | O2: Kottayam | P2: Alappuzha | Q2: Pathanamthitta | R2: Kollam | S2: Thiruvananthapuram
B3: Kasaragod | C3: കാസർഗോഡ് | F3: Manjeshwaram | G3: Payyanur | H3: Mananthavady | I3: Vatakara | J3: Kondotty | K3: Thrithala | L3: Chelakkara | M3: Perumbavoor | N3: Devikulam | O3: Pala | P3: Aroor | Q3: Thiruvalla | R3: Karunagappally | S3: Varkala
B4: Kannur | C4: കണ്ണൂർ | F4: Kasaragod | G4: Kalliasseri | H4: Sulthan Bathery | I4: Kuttiady | J4: Eranad | K4: Pattambi | L4: Kunnamkulam | M4: Angamaly | N4: Udumbanchola | O4: Kaduthuruthy | P4: Cherthala | Q4: Ranni | R4: Chavara | S4: Attingal
B5: Vadakara | C5: വടകര | F5: Udma | G5: Taliparamba | H5: Kalpetta | I5: Nadapuram | J5: Nilambur | K5: Shornur | L5: Guruvayur | M5: Aluva | N5: Thodupuzha | O5: Vaikom | P5: Alappuzha | Q5: Aranmula | R5: Kunnathur | S5: Chirayinkeezhu
B6: Wayanad | C6: വയനാട് | F6: Kanhangad | G6: Irikkur | I6: Koyilandy | J6: Wandoor | K6: Ottapalam | L6: Manalur | M6: Kalamassery | N6: Idukki | O6: Ettumanoor | P6: Ambalappuzha | Q6: Konni | R6: Kottarakkara | S6: Nedumangad
B7: Kozhikode | C7: കോഴിക്കോട് | F7: Thrikaripur | G7: Azhikode | I7: Perambra | J7: Manjeri | K7: Kongad | L7: Wadakkanchery | M7: Paravur | N7: Peerumade | O7: Kottayam | P7: Kuttanad | Q7: Adoor | R7: Pathanapuram | S7: Vamanapuram
B8: Malappuram | C8: മലപ്പുറം | G8: Kannur | I8: Balussery | J8: Perinthalmanna | K8: Mannarkkad | L8: Ollur | M8: Vypin | O8: Puthuppally | P8: Haripad | R8: Punalur | S8: Kazhakkoottam
B9: Ponnani | C9: പൊന്നാനി | G9: Dharmadom | I9: Elathur | J9: Mankada | K9: Malampuzha | L9: Thrissur | M9: Kochi | O9: Changanassery | P9: Kayamkulam | R9: Chadayamangalam | S9: Vattiyoorkavu
B10: Palakkad | C10: പാലക്കാട് | G10: Thalassery | I10: Kozhikode North | J10: Malappuram | K10: Palakkad | L10: Nattika | M10: Thrippunithura | O10: Kanjirappally | P10: Mavelikara | R10: Kundara | S10: Thiruvananthapuram
B11: Alathur | C11: ആലത്തൂർ | G11: Kuthuparamba | I11: Kozhikode South | J11: Vengara | K11: Tarur | L11: Kaipamangalam | M11: Ernakulam | O11: Poonjar | P11: Chengannur | R11: Kollam | S11: Nemom
B12: Thrissur | C12: തൃശ്ശൂർ | G12: Mattanur | I12: Beypore | J12: Vallikkunnu | K12: Chittur | L12: Irinjalakuda | M12: Thrikkakara | R12: Eravipuram | S12: Aruvikkara
B13: Chalakudy | C13: ചാലക്കുടി | G13: Peravoor | I13: Kunnamangalam | J13: Tirurangadi | K13: Nenmara | L13: Puthukkad | M13: Kunnathunad | R13: Chathannoor | S13: Parassala
B14: Ernakulam | C14: എറണാകുളം | I14: Koduvally | J14: Tanur | K14: Alathur | L14: Chalakudy | M14: Piravom | S14: Kattakkada
B15: Kottayam | C15: കോട്ടയം | I15: Thiruvambady | J15: Tirur | L15: Kodungallur | M15: Muvattupuzha | S15: Kovalam
B16: Idukki | C16: ഇടുക്കി | J16: Kottakkal | M16: Kothamangalam | S16: Neyyattinkara
B17: Mavelikara | C17: മാവേലിക്കര | J17: Thavanur
B18: Pathanamthitta | C18: പത്തനംതിട്ട | J18: Ponnani
B19: Alappuzha | C19: ആലപ്പുഴ
B20: Kollam | C20: കൊല്ലം
B21: Attingal | C21: ആറ്റിങ്ങൽ
B22: Thiruvananthapuram | C22: തിരുവനന്തപുരം | F22: Lokshabha and Niyamasabha Combined
G23: 2011 | H23: 2014 | I23: 2016 | J23: 2019 | K23: 2021 | L23: 2024 | M23: 2026
B24: Short | C24: Party | D24: Alliance | F24: Allience | G24: AE 2011 | H24: GE 2014 | I24: AE 2016 | J24: GE 2019 | K24: AE 2021 | L24: GE 2024 | M24: AE 2026
B25: CPI(M) | C25: Communist Party of India (Marxist) | D25: LDF | F25: LDF | G25: {=_xlfn._xlws.FILTER(Vote_History[[AllianceVotes__LDF]:[AllianceVotes__LDF]],(Vote_History[[Year]:[Year]]=G$23)*(Vote_History[[Number]:[Number]]=No_Selected_Constituency))} -> 73190 | H25: {=_xlfn._xlws.FILTER(Vote_History[[AllianceVotes__LDF]:[AllianceVotes__LDF]],(Vote_History[[Year]:[Year]]=H$23)*(Vote_History[[Number]:[Number]]=No_Selected_Constituency))} -> 71205 | I25: {=_xlfn._xlws.FILTER(Vote_History[[AllianceVotes__LDF]:[AllianceVotes__LDF]],(Vote_History[[Year]:[Year]]=I$23)*(Vote_History[[Number]:[Number]]=No_Selected_Constituency))} -> 83006 | J25: {=_xlfn._xlws.FILTER(Vote_History[[AllianceVotes__LDF]:[AllianceVotes__LDF]],(Vote_History[[Year]:[Year]]=J$23)*(Vote_History[[Number]:[Number]]=No_Selected_Constituency))} -> 73542 | K25: {=_xlfn._xlws.FILTER(Vote_History[[AllianceVotes__LDF]:[AllianceVotes__LDF]],(Vote_History[[Year]:[Year]]=K$23)*(Vote_History[[Number]:[Number]]=No_Selected_Constituency))} -> 88252 | L25: {=_xlfn._xlws.FILTER(Vote_History[[AllianceVotes__LDF]:[AllianceVotes__LDF]],(Vote_History[[Year]:[Year]]=L$23)*(Vote_History[[Number]:[Number]]=No_Selected_Constituency))} -> 65405 | M25: {=_xlfn._xlws.FILTER(Result2026[Votes],(Result2026[Alliance]=F25)*(Result2026[Number]=No_Selected_Constituency))} -> 81428
B26: CPI | C26: Communist Party of India | D26: LDF | F26: UDF | G26: {=_xlfn._xlws.FILTER(Vote_History[[AllianceVotes__UDF]:[AllianceVotes__UDF]],(Vote_History[[Year]:[Year]]=G$23)*(Vote_History[[Number]:[Number]]=No_Selected_Constituency))} -> 43244 | H26: {=_xlfn._xlws.FILTER(Vote_History[[AllianceVotes__UDF]:[AllianceVotes__UDF]],(Vote_History[[Year]:[Year]]=H$23)*(Vote_History[[Number]:[Number]]=No_Selected_Constituency))} -> 48423 | I26: {=_xlfn._xlws.FILTER(Vote_History[[AllianceVotes__UDF]:[AllianceVotes__UDF]],(Vote_History[[Year]:[Year]]=I$23)*(Vote_History[[Number]:[Number]]=No_Selected_Constituency))} -> 40115 | J26: {=_xlfn._xlws.FILTER(Vote_History[[AllianceVotes__UDF]:[AllianceVotes__UDF]],(Vote_History[[Year]:[Year]]=J$23)*(Vote_History[[Number]:[Number]]=No_Selected_Constituency))} -> 59848 | K26: {=_xlfn._xlws.FILTER(Vote_History[[AllianceVotes__UDF]:[AllianceVotes__UDF]],(Vote_History[[Year]:[Year]]=K$23)*(Vote_History[[Number]:[Number]]=No_Selected_Constituency))} -> 43859 | L26: {=_xlfn._xlws.FILTER(Vote_History[[AllianceVotes__UDF]:[AllianceVotes__UDF]],(Vote_History[[Year]:[Year]]=L$23)*(Vote_History[[Number]:[Number]]=No_Selected_Constituency))} -> 64347 | M26: {=_xlfn._xlws.FILTER(Result2026[Votes],(Result2026[Alliance]=F26)*(Result2026[Number]=No_Selected_Constituency))} -> 62995
B27: Kerala Congress (M) | C27: Kerala Congress (Mani) | D27: LDF | F27: NDA | G27: {=_xlfn._xlws.FILTER(Vote_History[[AllianceVotes__NDA]:[AllianceVotes__NDA]],(Vote_History[[Year]:[Year]]=G$23)*(Vote_History[[Number]:[Number]]=No_Selected_Constituency))} -> 5499 | H27: {=_xlfn._xlws.FILTER(Vote_History[[AllianceVotes__NDA]:[AllianceVotes__NDA]],(Vote_History[[Year]:[Year]]=H$23)*(Vote_History[[Number]:[Number]]=No_Selected_Constituency))} -> 10758 | I27: {=_xlfn._xlws.FILTER(Vote_History[[AllianceVotes__NDA]:[AllianceVotes__NDA]],(Vote_History[[Year]:[Year]]=I$23)*(Vote_History[[Number]:[Number]]=No_Selected_Constituency))} -> 11036 | J27: {=_xlfn._xlws.FILTER(Vote_History[[AllianceVotes__NDA]:[AllianceVotes__NDA]],(Vote_History[[Year]:[Year]]=J$23)*(Vote_History[[Number]:[Number]]=No_Selected_Constituency))} -> 9854 | K27: {=_xlfn._xlws.FILTER(Vote_History[[AllianceVotes__NDA]:[AllianceVotes__NDA]],(Vote_History[[Year]:[Year]]=K$23)*(Vote_History[[Number]:[Number]]=No_Selected_Constituency))} -> 11365 | L27: {=_xlfn._xlws.FILTER(Vote_History[[AllianceVotes__NDA]:[AllianceVotes__NDA]],(Vote_History[[Year]:[Year]]=L$23)*(Vote_History[[Number]:[Number]]=No_Selected_Constituency))} -> 17688 | M27: {=_xlfn._xlws.FILTER(Result2026[Votes],(Result2026[Alliance]=F27)*(Result2026[Number]=No_Selected_Constituency))} -> 13110
B28: Indian Socialist Janata Dal | C28: Indian Socialist Janata Dal | D28: LDF
B29: NCP(SP) | C29: Nationalist Congress Party (Sharadchandra Pawar) | D29: LDF | F29: Niyamasabha | K29: Loksabha
B30: RJD | C30: Rashtriya Janata Dal | D30: LDF | F30: Allience | G30: 2011 | H30: 2016 | I30: 2021 | J30: 2026 | L30: Allience | M30: 2014 | N30: 2019 | O30: 2024
B31: INL | C31: Indian National League | D31: LDF | F31: LDF | G31: {=_xlfn._xlws.FILTER(Vote_History[[AllianceVotes__LDF]:[AllianceVotes__LDF]],(Vote_History[[Year]:[Year]]=G$30)*(Vote_History[[Number]:[Number]]=No_Selected_Constituency))} -> 73190 | H31: {=_xlfn._xlws.FILTER(Vote_History[[AllianceVotes__LDF]:[AllianceVotes__LDF]],(Vote_History[[Year]:[Year]]=H$30)*(Vote_History[[Number]:[Number]]=No_Selected_Constituency))} -> 83006 | I31: {=_xlfn._xlws.FILTER(Vote_History[[AllianceVotes__LDF]:[AllianceVotes__LDF]],(Vote_History[[Year]:[Year]]=I$30)*(Vote_History[[Number]:[Number]]=No_Selected_Constituency))} -> 88252 | J31: {=_xlfn._xlws.FILTER(Result2026[Votes],(Result2026[Alliance]=F31)*(Result2026[Number]=No_Selected_Constituency))} -> 81428 | L31: LDF | M31: {=_xlfn._xlws.FILTER(Vote_History[[AllianceVotes__LDF]:[AllianceVotes__LDF]],(Vote_History[[Year]:[Year]]=M$30)*(Vote_History[[Number]:[Number]]=No_Selected_Constituency))} -> 71205 | N31: {=_xlfn._xlws.FILTER(Vote_History[[AllianceVotes__LDF]:[AllianceVotes__LDF]],(Vote_History[[Year]:[Year]]=N$30)*(Vote_History[[Number]:[Number]]=No_Selected_Constituency))} -> 73542 | O31: {=_xlfn._xlws.FILTER(Vote_History[[AllianceVotes__LDF]:[AllianceVotes__LDF]],(Vote_History[[Year]:[Year]]=O$30)*(Vote_History[[Number]:[Number]]=No_Selected_Constituency))} -> 65405
B32: Congress (Secular) | C32: Congress (Secular) | D32: LDF | F32: UDF | G32: {=_xlfn._xlws.FILTER(Vote_History[[AllianceVotes__UDF]:[AllianceVotes__UDF]],(Vote_History[[Year]:[Year]]=G$30)*(Vote_History[[Number]:[Number]]=No_Selected_Constituency))} -> 43244 | H32: {=_xlfn._xlws.FILTER(Vote_History[[AllianceVotes__UDF]:[AllianceVotes__UDF]],(Vote_History[[Year]:[Year]]=H$30)*(Vote_History[[Number]:[Number]]=No_Selected_Constituency))} -> 40115 | I32: {=_xlfn._xlws.FILTER(Vote_History[[AllianceVotes__UDF]:[AllianceVotes__UDF]],(Vote_History[[Year]:[Year]]=I$30)*(Vote_History[[Number]:[Number]]=No_Selected_Constituency))} -> 43859 | J32: {=_xlfn._xlws.FILTER(Result2026[Votes],(Result2026[Alliance]=F32)*(Result2026[Number]=No_Selected_Constituency))} -> 62995 | L32: UDF | M32: {=_xlfn._xlws.FILTER(Vote_History[[AllianceVotes__UDF]:[AllianceVotes__UDF]],(Vote_History[[Year]:[Year]]=M$30)*(Vote_History[[Number]:[Number]]=No_Selected_Constituency))} -> 48423 | N32: {=_xlfn._xlws.FILTER(Vote_History[[AllianceVotes__UDF]:[AllianceVotes__UDF]],(Vote_History[[Year]:[Year]]=N$30)*(Vote_History[[Number]:[Number]]=No_Selected_Constituency))} -> 59848 | O32: {=_xlfn._xlws.FILTER(Vote_History[[AllianceVotes__UDF]:[AllianceVotes__UDF]],(Vote_History[[Year]:[Year]]=O$30)*(Vote_History[[Number]:[Number]]=No_Selected_Constituency))} -> 64347
B33: Kerala Congress (B) | C33: Kerala Congress (B) | D33: LDF | F33: NDA | G33: {=_xlfn._xlws.FILTER(Vote_History[[AllianceVotes__NDA]:[AllianceVotes__NDA]],(Vote_History[[Year]:[Year]]=G$30)*(Vote_History[[Number]:[Number]]=No_Selected_Constituency))} -> 5499 | H33: {=_xlfn._xlws.FILTER(Vote_History[[AllianceVotes__NDA]:[AllianceVotes__NDA]],(Vote_History[[Year]:[Year]]=H$30)*(Vote_History[[Number]:[Number]]=No_Selected_Constituency))} -> 11036 | I33: {=_xlfn._xlws.FILTER(Vote_History[[AllianceVotes__NDA]:[AllianceVotes__NDA]],(Vote_History[[Year]:[Year]]=I$30)*(Vote_History[[Number]:[Number]]=No_Selected_Constituency))} -> 11365 | J33: {=_xlfn._xlws.FILTER(Result2026[Votes],(Result2026[Alliance]=F33)*(Result2026[Number]=No_Selected_Constituency))} -> 13110 | L33: NDA | M33: {=_xlfn._xlws.FILTER(Vote_History[[AllianceVotes__NDA]:[AllianceVotes__NDA]],(Vote_History[[Year]:[Year]]=M$30)*(Vote_History[[Number]:[Number]]=No_Selected_Constituency))} -> 10758 | N33: {=_xlfn._xlws.FILTER(Vote_History[[AllianceVotes__NDA]:[AllianceVotes__NDA]],(Vote_History[[Year]:[Year]]=N$30)*(Vote_History[[Number]:[Number]]=No_Selected_Constituency))} -> 9854 | O33: {=_xlfn._xlws.FILTER(Vote_History[[AllianceVotes__NDA]:[AllianceVotes__NDA]],(Vote_History[[Year]:[Year]]=O$30)*(Vote_History[[Number]:[Number]]=No_Selected_Constituency))} -> 17688
B34: Janadhipathya Kerala Congress | C34: Janadhipathya Kerala Congress | D34: LDF
B35: Independent (CPI support) | C35: Independent (CPI support) | D35: LDF
B36: Independent (CPI(M) support) | C36: Independent (CPI(M) support) | D36: LDF
B37: Independent (INL Support) | C37: Independent (INL Support) | D37: LDF
B38: RSP(L) | C38: Revolutionary Socialist Party (Leninist) | D38: LDF
B39: INC | C39: Indian National Congress | D39: UDF
B40: IUML | C40: Indian Union Muslim League | D40: UDF
B41: KEC | C41: Kerala Congress | D41: UDF
B42: RSP | C42: Revolutionary Socialist Party | D42: UDF
B43: Kerala Democratic Party | C43: Kerala Democratic Party | D43: UDF
B44: KC(J) | C44: Kerala Congress (Jacob) | D44: UDF
B45: RMPI | C45: Revolutionary Marxist Party of India | D45: UDF
... B60: BJP (Independent) | C60: BJP (Independent) | D60: NDA

Sheet Vote History
B2: QID | C2: Number | D2: constituency | E2: Election | F2: Year | G2: ParliamentaryConstituency | H2: Winner_Name | I2: Winner_Party | J2: Winner__Alliance | K2: Winner_Votes | L2: RunnerUp__Name | M2: RunnerUp_Party | N2: RunnerUp__Alliance | O2: RunnerUp_Votes | P2: RunnerUp2__Name | Q2: RunnerUp2__Party | R2: RunnerUp2_Alliance | S2: RunnerUp2_Votes | T2: Margin | U2: AllianceVotes__LDF | V2: AllianceVotes__UDF | W2: AllianceVotes__NDA | X2: AllianceVotes__Others | Y2: TotalVotes
B3: Q13113782 | C3: =_xlfn.XLOOKUP(Vote_History[[#This Row],[QID]],Constituency[qid],Constituency[Number]) -> 1 | D3: =_xlfn.XLOOKUP(Vote_History[[#This Row],[Number]],Constituency[Number],Constituency[Constituency]) -> Manjeshwaram | E3: niyamasabha | F3: 2011 | G3: Kasaragod | H3: P B Abdul Razak | I3: IUML | J3: UDF | K3: 49817 | L3: K Surendran | M3: BJP | N3: NDA | O3: 43989 | P3: Adv. C H Kunhambu | Q3: CPI(M) | R3: LDF | S3: 35067 | T3: 5828 | U3: 35067 | V3: 49817 | W3: 43989 | X3: 4100 | Y3: 132973
B4: Q13113782 | C4: =_xlfn.XLOOKUP(Vote_History[[#This Row],[QID]],Constituency[qid],Constituency[Number]) -> 1 | D4: =_xlfn.XLOOKUP(Vote_History[[#This Row],[Number]],Constituency[Number],Constituency[Constituency]) -> Manjeshwaram | E4: niyamasabha | F4: 2016 | G4: Kasaragod | H4: P B Abdul Razak | I4: IUML | J4: UDF | K4: 56870 | L4: K Surendran | M4: BJP | N4: NDA | O4: 56781 | P4: Adv. C.H.Kunhambu | Q4: CPI(M) | R4: LDF | S4: 42565 | T4: 89 | U4: 42565 | V4: 56870 | W4: 56781 | X4: 2022 | Y4: 158238
B5: Q13113782 | C5: =_xlfn.XLOOKUP(Vote_History[[#This Row],[QID]],Constituency[qid],Constituency[Number]) -> 1 | D5: =_xlfn.XLOOKUP(Vote_History[[#This Row],[Number]],Constituency[Number],Constituency[Constituency]) -> Manjeshwaram | E5: niyamasabha | F5: 2021 | G5: Kasaragod | H5: A K M Ashraf | I5: IUML | J5: UDF | K5: 65758 | L5: K Surendran | M5: BJP | N5: NDA | O5: 65013 | P5: V V Rameshan | Q5: CPI(M) | R5: LDF | S5: 40639 | T5: 745 | U5: 40639 | V5: 65758 | W5: 65013 | X5: 629 | Y5: 172039
B6: Q13113782 | C6: =_xlfn.XLOOKUP(Vote_History[[#This Row],[QID]],Constituency[qid],Constituency[Number]) -> 1 | D6: =_xlfn.XLOOKUP(Vote_History[[#This Row],[Number]],Constituency[Number],Constituency[Constituency]) -> Manjeshwaram | E6: loksabha | F6: 2014 | G6: Kasaragod | H6: Adv. T Siddique | I6: INC | J6: UDF | K6: 52459 | L6: K Surendran | M6: BJP | N6: NDA | O6: 46631 | P6: P Karunakaran | Q6: CPI(M) | R6: LDF | S6: 29433 | T6: 5828 | U6: 29433 | V6: 52459 | W6: 46631 | X6: 6521 | Y6: 135044
B7: Q13113782 | C7: =_xlfn.XLOOKUP(Vote_History[[#This Row],[QID]],Constituency[qid],Constituency[Number]) -> 1 | D7: =_xlfn.XLOOKUP(Vote_History[[#This Row],[Number]],Constituency[Number],Constituency[Constituency]) -> Manjeshwaram | E7: loksabha | F7: 2019 | G7: Kasaragod | H7: Rajmohan Unnithan | I7: INC | J7: UDF | K7: 68217 | L7: Ravisha Thanthri Kuntar | M7: BJP | N7: NDA | O7: 57104 | P7: K. P. Sathishchandran | Q7: CPI(M) | R7: LDF | S7: 32796 | T7: 11113 | U7: 32796 | V7: 68217 | W7: 57104 | X7: 2161 | Y7: 160278
B8: Q13113782 | C8: =_xlfn.XLOOKUP(Vote_History[[#This Row],[QID]],Constituency[qid],Constituency[Number]) -> 1 | D8: =_xlfn.XLOOKUP(Vote_History[[#This Row],[Number]],Constituency[Number],Constituency[Constituency]) -> Manjeshwaram | E8: loksabha | F8: 2024 | G8: Kasaragod | H8: Rajmohan Unnithan | I8: INC | J8: UDF | K8: 74437 | L8: M.L Ashwini | M8: BJP | N8: NDA | O8: 57179 | P8: M.V Balakrishnan Master | Q8: CPI(M) | R8: LDF | S8: 30156 | T8: 17258 | U8: 30156 | V8: 74437 | W8: 57179 | X8: 910 | Y8: 162682
B9: Q13111222 | C9: =_xlfn.XLOOKUP(Vote_History[[#This Row],[QID]],Constituency[qid],Constituency[Number]) -> 2 | D9: =_xlfn.XLOOKUP(Vote_History[[#This Row],[Number]],Constituency[Number],Constituency[Constituency]) -> Kasaragod | E9: niyamasabha | F9: 2011 | G9: Kasaragod | H9: N.A.Nellikkunnu | I9: IUML | J9: UDF | K9: 53068 | L9: Jayalakshmi N Bhat | M9: BJP | N9: NDA | O9: 43330 | P9: Azeez Kadappuram | Q9: INL | R9: LDF | S9: 16467 | T9: 9738 | U9: 16467 | V9: 53068 | W9: 43330 | X9: 4166 | Y9: 117031
B10: Q13111222 | C10: =_xlfn.XLOOKUP(Vote_History[[#This Row],[QID]],Constituency[qid],Constituency[Number]) -> 2 | D10: =_xlfn.XLOOKUP(Vote_History[[#This Row],[Number]],Constituency[Number],Constituency[Constituency]) -> Kasaragod | E10: niyamasabha | F10: 2016 | G10: Kasaragod | H10: N A Nellikkunnu | I10: IUML | J10: UDF | K10: 64727 | L10: Ravisha Thantri Kuntar | M10: BJP | N10: NDA | O10: 56120 | P10: Dr. A A Ameen | Q10: INL | R10: LDF | S10: 21615 | T10: 8607 | U10: 21615 | V10: 64727 | W10: 56120 | X10: 1626 | Y10: 144088
B11: Q13111222 | C11: =_xlfn.XLOOKUP(Vote_History[[#This Row],[QID]],Constituency[qid],Constituency[Number]) -> 2 | D11: =_xlfn.XLOOKUP(Vote_History[[#This Row],[Number]],Constituency[Number],Constituency[Constituency]) -> Kasaragod | E11: niyamasabha | F11: 2021 | G11: Kasaragod | H11: N A Nellikkunnu | I11: IUML | J11: UDF | K11: 63296 | L11: Adv K Shreekanth | M11: BJP | N11: NDA | O11: 50395 | P11: M A Latheef | Q11: INL | R11: LDF | S11: 28323 | T11: 12901 | U11: 28323 | V11: 63296 | W11: 50395 | X11: 1847 | Y11: 143861
B12: Q13111222 | C12: =_xlfn.XLOOKUP(Vote_History[[#This Row],[QID]],Constituency[qid],Constituency[Number]) -> 2 | D12: =_xlfn.XLOOKUP(Vote_History[[#This Row],[Number]],Constituency[Number],Constituency[Constituency]) -> Kasaragod | E12: loksabha | F12: 2014 | G12: Kasaragod | H12: Adv. T Siddique | I12: INC | J12: UDF | K12: 54426 | L12: K Surendran | M12: BJP | N12: NDA | O12: 41236 | P12: P Karunakaran | Q12: CPI(M) | R12: LDF | S12: 22827 | T12: 13190 | U12: 22827 | V12: 54426 | W12: 41236 | X12: 5757 | Y12: 124246
B13: Q13111222 | C13: =_xlfn.XLOOKUP(Vote_History[[#This Row],[QID]],Constituency[qid],Constituency[Number]) -> 2 | D13: =_xlfn.XLOOKUP(Vote_History[[#This Row],[Number]],Constituency[Number],Constituency[Constituency]) -> Kasaragod | E13: loksabha | F13: 2019 | G13: Kasaragod | H13: Rajmohan Unnithan | I13: INC | J13: UDF | K13: 69790 | L13: Ravisha Thanthri Kuntar | M13: BJP | N13: NDA | O13: 46630 | P13: K. P. Sathishchandran | Q13: CPI(M) | R13: LDF | S13: 28567 | T13: 23160 | U13: 28567 | V13: 69790 | W13: 46630 | X13: 1678 | Y13: 146665
B14: Q13111222 | C14: =_xlfn.XLOOKUP(Vote_History[[#This Row],[QID]],Constituency[qid],Constituency[Number]) -> 2 | D14: =_xlfn.XLOOKUP(Vote_History[[#This Row],[Number]],Constituency[Number],Constituency[Constituency]) -> Kasaragod | E14: loksabha | F14: 2024 | G14: Kasaragod | H14: Rajmohan Unnithan | I14: INC | J14: UDF | K14: 73407 | L14: M.L Ashwini | M14: BJP | N14: NDA | O14: 47032 | P14: M.V Balakrishnan Master | Q14: CPI(M) | R14: LDF | S14: 26162 | T14: 26375 | U14: 26162 | V14: 73407 | W14: 47032 | X14: 776 | Y14: 147377
... B842: Q16136265 | C842: =_xlfn.XLOOKUP(Vote_History[[#This Row],[QID]],Constituency[qid],Constituency[Number]) -> 140 | D842: =_xlfn.XLOOKUP(Vote_History[[#This Row],[Number]],Constituency[Number],Constituency[Constituency]) -> Neyyattinkara | E842: loksabha | F842: 2024 | G842: Thiruvananthapuram | H842: Shashi Tharoor | I842: INC | J842: UDF | K842: 58749 | L842: Rajeev Chandrasekhar | M842: BJP | N842: NDA | O842: 36136 | P842: Pannian Ravindran | Q842: CPI | R842: LDF | S842: 35526 | T842: 22613 | U842: 35526 | V842: 58749 | W842: 36136 | X842: 1160 | Y842: 131571

Sheet Ex MLA
B2: Number | C2: Constituency | D2: District | E2: Member | F2: Party | G2: Alliance | H2: Age | I2: Picture | J2: Total Voters | K2: Valid Votes | L2: Valid_Vote_Percentage | M2: Member_Votes | N2: Member_Perc | O2: Margin
B3: 1 | C3: Manjeshwaram | D3: Kasaragod | E3: A K M Ashraf | F3: IUML | G3: UDF | H3: 43 | J3: 224279 | K3: 172426 | L3: =Ex_MLA[[#This Row],[Valid Votes]]/Ex_MLA[[#This Row],[Total Voters]] -> 0.76880136 | M3: {=_xlfn._xlws.FILTER(Vote_History[Winner_Votes],(Vote_History[Number]=Ex_MLA[[#This Row],[Number]])*(Vote_History[Election]="niyamasabha")*(Vote_History[Year]=2021))} -> 65758 | N3: =Ex_MLA[[#This Row],[Member_Votes]]/Ex_MLA[[#This Row],[Valid Votes]] -> 0.3813694 | O3: {=_xlfn._xlws.FILTER(Vote_History[Margin],(Vote_History[Number]=Ex_MLA[[#This Row],[Number]])*(Vote_History[Election]="niyamasabha")*(Vote_History[Year]=2021))} -> 745
B4: 2 | C4: Kasaragod | D4: Kasaragod | E4: N A Nellikkunnu | F4: IUML | G4: UDF | H4: 67 | J4: 203894 | K4: 144500 | L4: =Ex_MLA[[#This Row],[Valid Votes]]/Ex_MLA[[#This Row],[Total Voters]] -> 0.70870158 | M4: {=_xlfn._xlws.FILTER(Vote_History[Winner_Votes],(Vote_History[Number]=Ex_MLA[[#This Row],[Number]])*(Vote_History[Election]="niyamasabha")*(Vote_History[Year]=2021))} -> 63296 | N4: =Ex_MLA[[#This Row],[Member_Votes]]/Ex_MLA[[#This Row],[Valid Votes]] -> 0.4380346 | O4: {=_xlfn._xlws.FILTER(Vote_History[Margin],(Vote_History[Number]=Ex_MLA[[#This Row],[Number]])*(Vote_History[Election]="niyamasabha")*(Vote_History[Year]=2021))} -> 12901
B5: 3 | C5: Udma | D5: Kasaragod | E5: C H Kunhambu | F5: CPM | G5: LDF | H5: 61 | J5: 218907 | K5: 165341 | L5: =Ex_MLA[[#This Row],[Valid Votes]]/Ex_MLA[[#This Row],[Total Voters]] -> 0.75530248 | M5: {=_xlfn._xlws.FILTER(Vote_History[Winner_Votes],(Vote_History[Number]=Ex_MLA[[#This Row],[Number]])*(Vote_History[Election]="niyamasabha")*(Vote_History[Year]=2021))} -> 78664 | N5: =Ex_MLA[[#This Row],[Member_Votes]]/Ex_MLA[[#This Row],[Valid Votes]] -> 0.47576826 | O5: {=_xlfn._xlws.FILTER(Vote_History[Margin],(Vote_History[Number]=Ex_MLA[[#This Row],[Number]])*(Vote_History[Election]="niyamasabha")*(Vote_History[Year]=2021))} -> 13322
B6: 4 | C6: Kanhangad | D6: Kasaragod | E6: E Chandrashekaran | F6: CPI | G6: LDF | H6: 72 | J6: 223849 | K6: 166835 | L6: =Ex_MLA[[#This Row],[Valid Votes]]/Ex_MLA[[#This Row],[Total Voters]] -> 0.74530152 | M6: {=_xlfn._xlws.FILTER(Vote_History[Winner_Votes],(Vote_History[Number]=Ex_MLA[[#This Row],[Number]])*(Vote_History[Election]="niyamasabha")*(Vote_History[Year]=2021))} -> 84615 | N6: =Ex_MLA[[#This Row],[Member_Votes]]/Ex_MLA[[#This Row],[Valid Votes]] -> 0.50717775 | O6: {=_xlfn._xlws.FILTER(Vote_History[Margin],(Vote_History[Number]=Ex_MLA[[#This Row],[Number]])*(Vote_History[Election]="niyamasabha")*(Vote_History[Year]=2021))} -> 27139
B7: 5 | C7: Thrikaripur | D7: Kasaragod | E7: M Rajagopalan | F7: CPM | G7: LDF | H7: 60 | J7: 208946 | K7: 160408 | L7: =Ex_MLA[[#This Row],[Valid Votes]]/Ex_MLA[[#This Row],[Total Voters]] -> 0.76770075 | M7: {=_xlfn._xlws.FILTER(Vote_History[Winner_Votes],(Vote_History[Number]=Ex_MLA[[#This Row],[Number]])*(Vote_History[Election]="niyamasabha")*(Vote_History[Year]=2021))} -> 86151 | N7: =Ex_MLA[[#This Row],[Member_Votes]]/Ex_MLA[[#This Row],[Valid Votes]] -> 0.53707421 | O7: {=_xlfn._xlws.FILTER(Vote_History[Margin],(Vote_History[Number]=Ex_MLA[[#This Row],[Number]])*(Vote_History[Election]="niyamasabha")*(Vote_History[Year]=2021))} -> 26137
B8: 6 | C8: Payyanur | D8: Kannur | E8: T I Madhusoodanan | F8: CPM | G8: LDF | H8: 61 | J8: 189803 | K8: 149945 | L8: =Ex_MLA[[#This Row],[Valid Votes]]/Ex_MLA[[#This Row],[Total Voters]] -> 0.79000332 | M8: {=_xlfn._xlws.FILTER(Vote_History[Winner_Votes],(Vote_History[Number]=Ex_MLA[[#This Row],[Number]])*(Vote_History[Election]="niyamasabha")*(Vote_History[Year]=2021))} -> 93695 | N8: =Ex_MLA[[#This Row],[Member_Votes]]/Ex_MLA[[#This Row],[Valid Votes]] -> 0.62486245 | O8: {=_xlfn._xlws.FILTER(Vote_History[Margin],(Vote_History[Number]=Ex_MLA[[#This Row],[Number]])*(Vote_History[Election]="niyamasabha")*(Vote_History[Year]=2021))} -> 49780
B9: 7 | C9: Kalliasseri | D9: Kannur | E9: M Vijin | F9: CPM | G9: LDF | H9: 31 | J9: 190531 | K9: 145585 | L9: =Ex_MLA[[#This Row],[Valid Votes]]/Ex_MLA[[#This Row],[Total Voters]] -> 0.76410138 | M9: {=_xlfn._xlws.FILTER(Vote_History[Winner_Votes],(Vote_History[Number]=Ex_MLA[[#This Row],[Number]])*(Vote_History[Election]="niyamasabha")*(Vote_History[Year]=2021))} -> 88252 | N9: =Ex_MLA[[#This Row],[Member_Votes]]/Ex_MLA[[#This Row],[Valid Votes]] -> 0.60618882 | O9: {=_xlfn._xlws.FILTER(Vote_History[Margin],(Vote_History[Number]=Ex_MLA[[#This Row],[Number]])*(Vote_History[Election]="niyamasabha")*(Vote_History[Year]=2021))} -> 44393
B10: 8 | C10: Taliparamba | D10: Kannur | E10: M V Govindan Master | F10: CPM | G10: LDF | H10: 69 | J10: 220054 | K10: 178112 | L10: =Ex_MLA[[#This Row],[Valid Votes]]/Ex_MLA[[#This Row],[Total Voters]] -> 0.80940133 | M10: {=_xlfn._xlws.FILTER(Vote_History[Winner_Votes],(Vote_History[Number]=Ex_MLA[[#This Row],[Number]])*(Vote_History[Election]="niyamasabha")*(Vote_History[Year]=2021))} -> 92870 | N10: =Ex_MLA[[#This Row],[Member_Votes]]/Ex_MLA[[#This Row],[Valid Votes]] -> 0.52141349 | O10: {=_xlfn._xlws.FILTER(Vote_History[Margin],(Vote_History[Number]=Ex_MLA[[#This Row],[Number]])*(Vote_History[Election]="niyamasabha")*(Vote_History[Year]=2021))} -> 22689
B11: 9 | C11: Irikkur | D11: Kannur | E11: Adv. Sajeev Joseph | F11: INC | G11: UDF | H11: 48 | J11: 201660 | K11: 152516 | L11: =Ex_MLA[[#This Row],[Valid Votes]]/Ex_MLA[[#This Row],[Total Voters]] -> 0.75630269 | M11: {=_xlfn._xlws.FILTER(Vote_History[Winner_Votes],(Vote_History[Number]=Ex_MLA[[#This Row],[Number]])*(Vote_History[Election]="niyamasabha")*(Vote_History[Year]=2021))} -> 76764 | N11: =Ex_MLA[[#This Row],[Member_Votes]]/Ex_MLA[[#This Row],[Valid Votes]] -> 0.50331768 | O11: {=_xlfn._xlws.FILTER(Vote_History[Margin],(Vote_History[Number]=Ex_MLA[[#This Row],[Number]])*(Vote_History[Election]="niyamasabha")*(Vote_History[Year]=2021))} -> 10010
B12: 10 | C12: Azhikode | D12: Kannur | E12: K V Sumesh | F12: CPM | G12: LDF | H12: 42 | J12: 186027 | K12: 144897 | L12: =Ex_MLA[[#This Row],[Valid Votes]]/Ex_MLA[[#This Row],[Total Voters]] -> 0.77890306 | M12: {=_xlfn._xlws.FILTER(Vote_History[Winner_Votes],(Vote_History[Number]=Ex_MLA[[#This Row],[Number]])*(Vote_History[Election]="niyamasabha")*(Vote_History[Year]=2021))} -> 65794 | N12: =Ex_MLA[[#This Row],[Member_Votes]]/Ex_MLA[[#This Row],[Valid Votes]] -> 0.45407427 | O12: {=_xlfn._xlws.FILTER(Vote_History[Margin],(Vote_History[Number]=Ex_MLA[[#This Row],[Number]])*(Vote_History[Election]="niyamasabha")*(Vote_History[Year]=2021))} -> 6141
B13: 11 | C13: Kannur | D13: Kannur | E13: Ramachandran Kadannappalli | F13: C(S) | G13: LDF | H13: 76 | J13: 178928 | K13: 134089 | L13: =Ex_MLA[[#This Row],[Valid Votes]]/Ex_MLA[[#This Row],[Total Voters]] -> 0.74940199 | M13: {=_xlfn._xlws.FILTER(Vote_History[Winner_Votes],(Vote_History[Number]=Ex_MLA[[#This Row],[Number]])*(Vote_History[Election]="niyamasabha")*(Vote_History[Year]=2021))} -> 60313 | N13: =Ex_MLA[[#This Row],[Member_Votes]]/Ex_MLA[[#This Row],[Valid Votes]] -> 0.44979827 | O13: {=_xlfn._xlws.FILTER(Vote_History[Margin],(Vote_History[Number]=Ex_MLA[[#This Row],[Number]])*(Vote_History[Election]="niyamasabha")*(Vote_History[Year]=2021))} -> 1745
B14: 12 | C14: Dharmadom | D14: Kannur | E14: Pinarayi Vijayan | F14: CPM | G14: LDF | H14: 77 | J14: 199759 | K14: 160247 | L14: =Ex_MLA[[#This Row],[Valid Votes]]/Ex_MLA[[#This Row],[Total Voters]] -> 0.80220165 | M14: {=_xlfn._xlws.FILTER(Vote_History[Winner_Votes],(Vote_History[Number]=Ex_MLA[[#This Row],[Number]])*(Vote_History[Election]="niyamasabha")*(Vote_History[Year]=2021))} -> 95522 | N14: =Ex_MLA[[#This Row],[Member_Votes]]/Ex_MLA[[#This Row],[Valid Votes]] -> 0.59609228 | O14: {=_xlfn._xlws.FILTER(Vote_History[Margin],(Vote_History[Number]=Ex_MLA[[#This Row],[Number]])*(Vote_History[Election]="niyamasabha")*(Vote_History[Year]=2021))} -> 50123
... B24: 22 | C24: Nadapuram | D24: Kozhikode | E24: E. K. Vijayan | F24: CPI | G24: LDF | H24: 68 | J24: 222493 | K24: 175503 | L24: =Ex_MLA[[#This Row],[Valid Votes]]/Ex_MLA[[#This Row],[Total Voters]] -> 0.78880234 | M24: {=_xlfn._xlws.FILTER(Vote_History[Winner_Votes],(Vote_History[Number]=Ex_MLA[[#This Row],[Number]])*(Vote_History[Election]="niyamasabha")*(Vote_History[Year]=2021))} -> 83293 | N24: =Ex_MLA[[#This Row],[Member_Votes]]/Ex_MLA[[#This Row],[Valid Votes]] -> 0.47459588 | O24: {=_xlfn._xlws.FILTER(Vote_History[Margin],(Vote_History[Number]=Ex_MLA[[#This Row],[Number]])*(Vote_History[Election]="niyamasabha")*(Vote_History[Year]=2021))} -> 4035
B25: 23 | C25: Koyilandy | D25: Kozhikode | J25: 208924 | K25: 162084 | L25: =Ex_MLA[[#This Row],[Valid Votes]]/Ex_MLA[[#This Row],[Total Voters]] -> 0.77580364 | M25: {=_xlfn._xlws.FILTER(Vote_History[Winner_Votes],(Vote_History[Number]=Ex_MLA[[#This Row],[Number]])*(Vote_History[Election]="niyamasabha")*(Vote_History[Year]=2021))} -> 75628 | N25: =Ex_MLA[[#This Row],[Member_Votes]]/Ex_MLA[[#This Row],[Valid Votes]] -> 0.46659757 | O25: {=_xlfn._xlws.FILTER(Vote_History[Margin],(Vote_History[Number]=Ex_MLA[[#This Row],[Number]])*(Vote_History[Election]="niyamasabha")*(Vote_History[Year]=2021))} -> 8472
B26: 24 | C26: Perambra | D26: Kozhikode | E26: T.P. Ramakrishnan | F26: CPM | G26: LDF | H26: 71 | J26: 205055 | K26: 163737 | L26: =Ex_MLA[[#This Row],[Valid Votes]]/Ex_MLA[[#This Row],[Total Voters]] -> 0.79850284 | M26: {=_xlfn._xlws.FILTER(Vote_History[Winner_Votes],(Vote_History[Number]=Ex_MLA[[#This Row],[Number]])*(Vote_History[Election]="niyamasabha")*(Vote_History[Year]=2021))} -> 86023 | N26: =Ex_MLA[[#This Row],[Member_Votes]]/Ex_MLA[[#This Row],[Valid Votes]] -> 0.52537301 | O26: {=_xlfn._xlws.FILTER(Vote_History[Margin],(Vote_History[Number]=Ex_MLA[[#This Row],[Number]])*(Vote_History[Election]="niyamasabha")*(Vote_History[Year]=2021))} -> 22592
B27: 25 | C27: Balussery | D27: Kozhikode | E27: Adv. K.M. Sachindev | F27: CPM | G27: LDF | H27: 27 | J27: 232024 | K27: 181954 | L27: =Ex_MLA[[#This Row],[Valid Votes]]/Ex_MLA[[#This Row],[Total Voters]] -> 0.78420336 | M27: {=_xlfn._xlws.FILTER(Vote_History[Winner_Votes],(Vote_History[Number]=Ex_MLA[[#This Row],[Number]])*(Vote_History[Election]="niyamasabha")*(Vote_History[Year]=2021))} -> 91839 | N27: =Ex_MLA[[#This Row],[Member_Votes]]/Ex_MLA[[#This Row],[Valid Votes]] -> 0.50473746 | O27: {=_xlfn._xlws.FILTER(Vote_History[Margin],(Vote_History[Number]=Ex_MLA[[#This Row],[Number]])*(Vote_History[Election]="niyamasabha")*(Vote_History[Year]=2021))} -> 20372
B28: 26 | C28: Elathur | D28: Kozhikode | E28: A .K Saseendran | F28: NCP | G28: LDF | H28: 75 | J28: 210462 | K28: 164350 | L28: =Ex_MLA[[#This Row],[Valid Votes]]/Ex_MLA[[#This Row],[Total Voters]] -> 0.78090107 | M28: {=_xlfn._xlws.FILTER(Vote_History[Winner_Votes],(Vote_History[Number]=Ex_MLA[[#This Row],[Number]])*(Vote_History[Election]="niyamasabha")*(Vote_History[Year]=2021))} -> 83639 | N28: =Ex_MLA[[#This Row],[Member_Votes]]/Ex_MLA[[#This Row],[Valid Votes]] -> 0.50890782 | O28: {=_xlfn._xlws.FILTER(Vote_History[Margin],(Vote_History[Number]=Ex_MLA[[#This Row],[Number]])*(Vote_History[Election]="niyamasabha")*(Vote_History[Year]=2021))} -> 38502
B29: 27 | C29: Kozhikode North | D29: Kozhikode | E29: Thottathil Ravindran | F29: CPM | G29: LDF | H29: 73 | J29: 186120 | K29: 137562 | L29: =Ex_MLA[[#This Row],[Valid Votes]]/Ex_MLA[[#This Row],[Total Voters]] -> 0.7391038 | M29: {=_xlfn._xlws.FILTER(Vote_History[Winner_Votes],(Vote_History[Number]=Ex_MLA[[#This Row],[Number]])*(Vote_History[Election]="niyamasabha")*(Vote_History[Year]=2021))} -> 59124 | N29: =Ex_MLA[[#This Row],[Member_Votes]]/Ex_MLA[[#This Row],[Valid Votes]] -> 0.42979893 | O29: {=_xlfn._xlws.FILTER(Vote_History[Margin],(Vote_History[Number]=Ex_MLA[[#This Row],[Number]])*(Vote_History[Election]="niyamasabha")*(Vote_History[Year]=2021))} -> 12928
B30: 28 | C30: Kozhikode South | D30: Kozhikode | E30: Ahammad Devarkovil | F30: INL | G30: LDF | H30: 61 | J30: 160342 | K30: 119054 | L30: =Ex_MLA[[#This Row],[Valid Votes]]/Ex_MLA[[#This Row],[Total Voters]] -> 0.74250041 | M30: {=_xlfn._xlws.FILTER(Vote_History[Winner_Votes],(Vote_History[Number]=Ex_MLA[[#This Row],[Number]])*(Vote_History[Election]="niyamasabha")*(Vote_History[Year]=2021))} -> 52557 | N30: =Ex_MLA[[#This Row],[Member_Votes]]/Ex_MLA[[#This Row],[Valid Votes]] -> 0.44145514 | O30: {=_xlfn._xlws.FILTER(Vote_History[Margin],(Vote_History[Number]=Ex_MLA[[#This Row],[Number]])*(Vote_History[Election]="niyamasabha")*(Vote_History[Year]=2021))} -> 12459
B31: 29 | C31: Beypore | D31: Kozhikode | E31: Adv. P. A Mohamed Riyas | F31: CPM | G31: LDF | H31: 45 | J31: 211672 | K31: 165210 | L31: =Ex_MLA[[#This Row],[Valid Votes]]/Ex_MLA[[#This Row],[Total Voters]] -> 0.78050002 | M31: {=_xlfn._xlws.FILTER(Vote_History[Winner_Votes],(Vote_History[Number]=Ex_MLA[[#This Row],[Number]])*(Vote_History[Election]="niyamasabha")*(Vote_History[Year]=2021))} -> 82165 | N31: =Ex_MLA[[#This Row],[Member_Votes]]/Ex_MLA[[#This Row],[Valid Votes]] -> 0.49733672 | O31: {=_xlfn._xlws.FILTER(Vote_History[Margin],(Vote_History[Number]=Ex_MLA[[#This Row],[Number]])*(Vote_History[Election]="niyamasabha")*(Vote_History[Year]=2021))} -> 28747
B32: 30 | C32: Kunnamangalam | D32: Kozhikode | E32: Adv. P. T. A Rahim | F32: LDF - IND | G32: LDF | H32: 72 | J32: 237760 | K32: 193822 | L32: =Ex_MLA[[#This Row],[Valid Votes]]/Ex_MLA[[#This Row],[Total Voters]] -> 0.8152002 | M32: {=_xlfn._xlws.FILTER(Vote_History[Winner_Votes],(Vote_History[Number]=Ex_MLA[[#This Row],[Number]])*(Vote_History[Election]="niyamasabha")*(Vote_History[Year]=2021))} -> 85138 | N32: =Ex_MLA[[#This Row],[Member_Votes]]/Ex_MLA[[#This Row],[Valid Votes]] -> 0.4392587 | O32: {=_xlfn._xlws.FILTER(Vote_History[Margin],(Vote_History[Number]=Ex_MLA[[#This Row],[Number]])*(Vote_History[Election]="niyamasabha")*(Vote_History[Year]=2021))} -> 10276
B33: 31 | C33: Koduvally | D33: Kozhikode | E33: Dr. M.K Muneer | F33: IUML | G33: UDF | H33: 58 | J33: 188824 | K33: 151154 | L33: =Ex_MLA[[#This Row],[Valid Votes]]/Ex_MLA[[#This Row],[Total Voters]] -> 0.80050205 | M33: {=_xlfn._xlws.FILTER(Vote_History[Winner_Votes],(Vote_History[Number]=Ex_MLA[[#This Row],[Number]])*(Vote_History[Election]="niyamasabha")*(Vote_History[Year]=2021))} -> 72336 | N33: =Ex_MLA[[#This Row],[Member_Votes]]/Ex_MLA[[#This Row],[Valid Votes]] -> 0.47855829 | O33: {=_xlfn._xlws.FILTER(Vote_History[Margin],(Vote_History[Number]=Ex_MLA[[#This Row],[Number]])*(Vote_History[Election]="niyamasabha")*(Vote_History[Year]=2021))} -> 6344
B34: 32 | C34: Thiruvambady | D34: Kozhikode | E34: Linto Joseph | F34: CPM | G34: LDF | H34: 28 | J34: 185316 | K34: 143009 | L34: =Ex_MLA[[#This Row],[Valid Votes]]/Ex_MLA[[#This Row],[Total Voters]] -> 0.77170347 | M34: {=_xlfn._xlws.FILTER(Vote_History[Winner_Votes],(Vote_History[Number]=Ex_MLA[[#This Row],[Number]])*(Vote_History[Election]="niyamasabha")*(Vote_History[Year]=2021))} -> 67867 | N34: =Ex_MLA[[#This Row],[Member_Votes]]/Ex_MLA[[#This Row],[Valid Votes]] -> 0.47456454 | O34: {=_xlfn._xlws.FILTER(Vote_History[Margin],(Vote_History[Number]=Ex_MLA[[#This Row],[Number]])*(Vote_History[Election]="niyamasabha")*(Vote_History[Year]=2021))} -> 4643
B35: 33 | C35: Kondotty | D35: Malappuram | E35: T V Ibrahim | F35: IUML | G35: UDF | H35: 55 | J35: 208729 | K35: 164145 | L35: =Ex_MLA[[#This Row],[Valid Votes]]/Ex_MLA[[#This Row],[Total Voters]] -> 0.78640246 | M35: {=_xlfn._xlws.FILTER(Vote_History[Winner_Votes],(Vote_History[Number]=Ex_MLA[[#This Row],[Number]])*(Vote_History[Election]="niyamasabha")*(Vote_History[Year]=2021))} -> 82759 | N35: =Ex_MLA[[#This Row],[Member_Votes]]/Ex_MLA[[#This Row],[Valid Votes]] -> 0.50418228 | O35: {=_xlfn._xlws.FILTER(Vote_History[Margin],(Vote_History[Number]=Ex_MLA[[#This Row],[Number]])*(Vote_History[Election]="niyamasabha")*(Vote_History[Year]=2021))} -> 17666
B36: 34 | C36: Eranad | D36: Malappuram | E36: P.K. Basheer | F36: IUML | G36: UDF | H36: 61 | J36: 184438 | K36: 143272 | L36: =Ex_MLA[[#This Row],[Valid Votes]]/Ex_MLA[[#This Row],[Total Voters]] -> 0.77680304 | M36: {=_xlfn._xlws.FILTER(Vote_History[Winner_Votes],(Vote_History[Number]=Ex_MLA[[#This Row],[Number]])*(Vote_History[Election]="niyamasabha")*(Vote_History[Year]=2021))} -> 78076 | N36: =Ex_MLA[[#This Row],[Member_Votes]]/Ex_MLA[[#This Row],[Valid Votes]] -> 0.54494947 | O36: {=_xlfn._xlws.FILTER(Vote_History[Margin],(Vote_History[Number]=Ex_MLA[[#This Row],[Number]])*(Vote_History[Election]="niyamasabha")*(Vote_History[Year]=2021))} -> 22546
B37: 35 | C37: Nilambur | D37: Malappuram | E37: Aryadan Shoukath | F37: INC | G37: UDF | H37: 51 | J37: 230325 | K37: 173205 | L37: =Ex_MLA[[#This Row],[Valid Votes]]/Ex_MLA[[#This Row],[Total Voters]] -> 0.75200261 | M37: {=_xlfn._xlws.FILTER(Vote_History[Winner_Votes],(Vote_History[Number]=Ex_MLA[[#This Row],[Number]])*(Vote_History[Election]="niyamasabha")*(Vote_History[Year]=2021))} -> 81227 | N37: =Ex_MLA[[#This Row],[Member_Votes]]/Ex_MLA[[#This Row],[Valid Votes]] -> 0.46896452 | O37: {=_xlfn._xlws.FILTER(Vote_History[Margin],(Vote_History[Number]=Ex_MLA[[#This Row],[Number]])*(Vote_History[Election]="niyamasabha")*(Vote_History[Year]=2021))} -> 2700
... B135: 133 | C135: Vattiyoorkavu | D135: Thiruvananthapuram | E135: Adv.V.K.Prasanth | F135: CPM | G135: LDF | H135: 39 | J135: 214553 | K135: 137636 | L135: =Ex_MLA[[#This Row],[Valid Votes]]/Ex_MLA[[#This Row],[Total Voters]] -> 0.64150117 | M135: {=_xlfn._xlws.FILTER(Vote_History[Winner_Votes],(Vote_History[Number]=Ex_MLA[[#This Row],[Number]])*(Vote_History[Election]="niyamasabha")*(Vote_History[Year]=2021))} -> 61111 | N135: =Ex_MLA[[#This Row],[Member_Votes]]/Ex_MLA[[#This Row],[Valid Votes]] -> 0.44400448 | O135: {=_xlfn._xlws.FILTER(Vote_History[Margin],(Vote_History[Number]=Ex_MLA[[#This Row],[Number]])*(Vote_History[Election]="niyamasabha")*(Vote_History[Year]=2021))} -> 21515
B136: 134 | C136: Thiruvananthapuram | D136: Thiruvananthapuram | J136: 207333 | K136: 128236 | L136: =Ex_MLA[[#This Row],[Valid Votes]]/Ex_MLA[[#This Row],[Total Voters]] -> 0.6185026 | M136: {=_xlfn._xlws.FILTER(Vote_History[Winner_Votes],(Vote_History[Number]=Ex_MLA[[#This Row],[Number]])*(Vote_History[Election]="niyamasabha")*(Vote_History[Year]=2021))} -> 48748 | N136: =Ex_MLA[[#This Row],[Member_Votes]]/Ex_MLA[[#This Row],[Valid Votes]] -> 0.38014286 | O136: {=_xlfn._xlws.FILTER(Vote_History[Margin],(Vote_History[Number]=Ex_MLA[[#This Row],[Number]])*(Vote_History[Election]="niyamasabha")*(Vote_History[Year]=2021))} -> 7089
B137: 135 | C137: Nemom | D137: Thiruvananthapuram | E137: V.Sivankutty | F137: CPM | G137: LDF | H137: 66 | J137: 209163 | K137: 146017 | L137: =Ex_MLA[[#This Row],[Valid Votes]]/Ex_MLA[[#This Row],[Total Voters]] -> 0.69810148 | M137: {=_xlfn._xlws.FILTER(Vote_History[Winner_Votes],(Vote_History[Number]=Ex_MLA[[#This Row],[Number]])*(Vote_History[Election]="niyamasabha")*(Vote_History[Year]=2021))} -> 55837 | N137: =Ex_MLA[[#This Row],[Member_Votes]]/Ex_MLA[[#This Row],[Valid Votes]] -> 0.38240068 | O137: {=_xlfn._xlws.FILTER(Vote_History[Margin],(Vote_History[Number]=Ex_MLA[[#This Row],[Number]])*(Vote_History[Election]="niyamasabha")*(Vote_History[Year]=2021))} -> 3949
B138: 136 | C138: Aruvikkara | D138: Thiruvananthapuram | E138: Adv. G. Steephen | F138: CPM | G138: LDF | H138: 51 | J138: 198837 | K138: 145708 | L138: =Ex_MLA[[#This Row],[Valid Votes]]/Ex_MLA[[#This Row],[Total Voters]] -> 0.73280124 | M138: {=_xlfn._xlws.FILTER(Vote_History[Winner_Votes],(Vote_History[Number]=Ex_MLA[[#This Row],[Number]])*(Vote_History[Election]="niyamasabha")*(Vote_History[Year]=2021))} -> 66776 | N138: =Ex_MLA[[#This Row],[Member_Votes]]/Ex_MLA[[#This Row],[Valid Votes]] -> 0.45828644 | O138: {=_xlfn._xlws.FILTER(Vote_History[Margin],(Vote_History[Number]=Ex_MLA[[#This Row],[Number]])*(Vote_History[Election]="niyamasabha")*(Vote_History[Year]=2021))} -> 5046
B139: 137 | C139: Parassala | D139: Thiruvananthapuram | E139: C.K.Hareendran | F139: CPM | G139: LDF | H139: 64 | J139: 225169 | K139: 163090 | L139: =Ex_MLA[[#This Row],[Valid Votes]]/Ex_MLA[[#This Row],[Total Voters]] -> 0.72430041 | M139: {=_xlfn._xlws.FILTER(Vote_History[Winner_Votes],(Vote_History[Number]=Ex_MLA[[#This Row],[Number]])*(Vote_History[Election]="niyamasabha")*(Vote_History[Year]=2021))} -> 78548 | N139: =Ex_MLA[[#This Row],[Member_Votes]]/Ex_MLA[[#This Row],[Valid Votes]] -> 0.48162364 | O139: {=_xlfn._xlws.FILTER(Vote_History[Margin],(Vote_History[Number]=Ex_MLA[[#This Row],[Number]])*(Vote_History[Election]="niyamasabha")*(Vote_History[Year]=2021))} -> 25828
B140: 138 | C140: Kattakkada | D140: Thiruvananthapuram | E140: Adv I B Satheesh | F140: CPM | G140: LDF | H140: 50 | J140: 201632 | K140: 145619 | L140: =Ex_MLA[[#This Row],[Valid Votes]]/Ex_MLA[[#This Row],[Total Voters]] -> 0.72220183 | M140: {=_xlfn._xlws.FILTER(Vote_History[Winner_Votes],(Vote_History[Number]=Ex_MLA[[#This Row],[Number]])*(Vote_History[Election]="niyamasabha")*(Vote_History[Year]=2021))} -> 66293 | N140: =Ex_MLA[[#This Row],[Member_Votes]]/Ex_MLA[[#This Row],[Valid Votes]] -> 0.45524966 | O140: {=_xlfn._xlws.FILTER(Vote_History[Margin],(Vote_History[Number]=Ex_MLA[[#This Row],[Number]])*(Vote_History[Election]="niyamasabha")*(Vote_History[Year]=2021))} -> 23231
B141: 139 | C141: Kovalam | D141: Thiruvananthapuram | E141: Adv. M. Vincent | F141: INC | G141: UDF | H141: 53 | J141: 224274 | K141: 159100 | L141: =Ex_MLA[[#This Row],[Valid Votes]]/Ex_MLA[[#This Row],[Total Voters]] -> 0.70940011 | M141: {=_xlfn._xlws.FILTER(Vote_History[Winner_Votes],(Vote_History[Number]=Ex_MLA[[#This Row],[Number]])*(Vote_History[Election]="niyamasabha")*(Vote_History[Year]=2021))} -> 74868 | N141: =Ex_MLA[[#This Row],[Member_Votes]]/Ex_MLA[[#This Row],[Valid Votes]] -> 0.47057197 | O141: {=_xlfn._xlws.FILTER(Vote_History[Margin],(Vote_History[Number]=Ex_MLA[[#This Row],[Number]])*(Vote_History[Election]="niyamasabha")*(Vote_History[Year]=2021))} -> 11562
B142: 140 | C142: Neyyattinkara | D142: Thiruvananthapuram | E142: K. Ansalan | F142: CPM | G142: LDF | H142: 55 | J142: 193030 | K142: 139291 | L142: =Ex_MLA[[#This Row],[Valid Votes]]/Ex_MLA[[#This Row],[Total Voters]] -> 0.72160286 | M142: {=_xlfn._xlws.FILTER(Vote_History[Winner_Votes],(Vote_History[Number]=Ex_MLA[[#This Row],[Number]])*(Vote_History[Election]="niyamasabha")*(Vote_History[Year]=2021))} -> 65497 | N142: =Ex_MLA[[#This Row],[Member_Votes]]/Ex_MLA[[#This Row],[Valid Votes]] -> 0.47021703 | O142: {=_xlfn._xlws.FILTER(Vote_History[Margin],(Vote_History[Number]=Ex_MLA[[#This Row],[Number]])*(Vote_History[Election]="niyamasabha")*(Vote_History[Year]=2021))} -> 14262

Sheet New MLA
B2: Number | C2: Constituency | D2: District | E2: Member | F2: Cand_Ref | G2: Party | H2: Alliance | I2: Age | J2: Total Voters | K2: Valid Votes | L2: Valid_Vote_Percentage | M2: Member_Votes | N2: Member_Perc | O2: Margin
B3: 1 | C3: Manjeshwaram | D3: Kasaragod | E3: {=_xlfn._xlws.FILTER(Result2026[[Candidate_Name]:[Candidate_Name]],(Result2026[[Number]:[Number]]=$B3)*(Result2026[[Position]:[Position]]=1))} -> A. K. M. Ashraf | F3: {=_xlfn._xlws.FILTER(Result2026[[Candidate_Ref]:[Candidate_Ref]],(Result2026[[Number]:[Number]]=$B3)*(Result2026[[Position]:[Position]]=1))} -> 26kla141 | G3: {=_xlfn.XLOOKUP(_xlfn._xlws.FILTER(Result2026[[Party]:[Party]],(Result2026[[Number]:[Number]]=$B3)*(Result2026[[Position]:[Position]]=1)),Party[Party],Party[Short])} -> IUML | H3: {=_xlfn._xlws.FILTER(Result2026[[Alliance]:[Alliance]],(Result2026[[Number]:[Number]]=$B3)*(Result2026[[Position]:[Position]]=1))} -> UDF | I3: =_xlfn.XLOOKUP(New_MLA[[#This Row],[Cand_Ref]],Candidates[candidates__reference],Candidates[candidates__age],"") -> 48 | J3: =_xlfn.XLOOKUP(New_MLA[[#This Row],[Number]],Constituency[Number],Constituency[Total_Voters]) -> 230113 | K3: =SUMIFS(Result2026[Votes],Result2026[Number],B3) -> 187801 | L3: =_xlfn.XLOOKUP(New_MLA[[#This Row],[Number]],Result2026[Number],Result2026[Percentage]) -> 81.04 | M3: {=_xlfn._xlws.FILTER(Result2026[[Votes]:[Votes]],(Result2026[[Number]:[Number]]=$B3)*(Result2026[[Position]:[Position]]=1))} -> 96948 | N3: =New_MLA[[#This Row],[Member_Votes]]/New_MLA[[#This Row],[Valid Votes]] -> 0.51622728 | O3: {=_xlfn._xlws.FILTER(Result2026[[Votes]:[Votes]],(Result2026[[Number]:[Number]]=$B3)*(Result2026[[Position]:[Position]]=1))-_xlfn._xlws.FILTER(Result2026[[Votes]:[Votes]],(Result2026[[Number]:[Number]]=$B3)*(Result2026[[Position]:[Position]]=2))} -> 29252
B4: 2 | C4: Kasaragod | D4: Kasaragod | E4: {=_xlfn._xlws.FILTER(Result2026[[Candidate_Name]:[Candidate_Name]],(Result2026[[Number]:[Number]]=$B4)*(Result2026[[Position]:[Position]]=1))} -> Kallatra Mahin Haji | F4: {=_xlfn._xlws.FILTER(Result2026[[Candidate_Ref]:[Candidate_Ref]],(Result2026[[Number]:[Number]]=$B4)*(Result2026[[Position]:[Position]]=1))} -> 26kla142 | G4: {=_xlfn.XLOOKUP(_xlfn._xlws.FILTER(Result2026[[Party]:[Party]],(Result2026[[Number]:[Number]]=$B4)*(Result2026[[Position]:[Position]]=1)),Party[Party],Party[Short])} -> IUML | H4: {=_xlfn._xlws.FILTER(Result2026[[Alliance]:[Alliance]],(Result2026[[Number]:[Number]]=$B4)*(Result2026[[Position]:[Position]]=1))} -> UDF | I4: =_xlfn.XLOOKUP(New_MLA[[#This Row],[Cand_Ref]],Candidates[candidates__reference],Candidates[candidates__age],"") -> 62 | J4: =_xlfn.XLOOKUP(New_MLA[[#This Row],[Number]],Constituency[Number],Constituency[Total_Voters]) -> 210923 | K4: =SUMIFS(Result2026[Votes],Result2026[Number],B4) -> 169203 | L4: =_xlfn.XLOOKUP(New_MLA[[#This Row],[Number]],Result2026[Number],Result2026[Percentage]) -> 79.61 | M4: {=_xlfn._xlws.FILTER(Result2026[[Votes]:[Votes]],(Result2026[[Number]:[Number]]=$B4)*(Result2026[[Position]:[Position]]=1))} -> 76396 | N4: =New_MLA[[#This Row],[Member_Votes]]/New_MLA[[#This Row],[Valid Votes]] -> 0.451505 | O4: {=_xlfn._xlws.FILTER(Result2026[[Votes]:[Votes]],(Result2026[[Number]:[Number]]=$B4)*(Result2026[[Position]:[Position]]=1))-_xlfn._xlws.FILTER(Result2026[[Votes]:[Votes]],(Result2026[[Number]:[Number]]=$B4)*(Result2026[[Position]:[Position]]=2))} -> 22698
B5: 3 | C5: Udma | D5: Kasaragod | E5: {=_xlfn._xlws.FILTER(Result2026[[Candidate_Name]:[Candidate_Name]],(Result2026[[Number]:[Number]]=$B5)*(Result2026[[Position]:[Position]]=1))} -> Neelakantan | F5: {=_xlfn._xlws.FILTER(Result2026[[Candidate_Ref]:[Candidate_Ref]],(Result2026[[Number]:[Number]]=$B5)*(Result2026[[Position]:[Position]]=1))} -> 26kla143 | G5: {=_xlfn.XLOOKUP(_xlfn._xlws.FILTER(Result2026[[Party]:[Party]],(Result2026[[Number]:[Number]]=$B5)*(Result2026[[Position]:[Position]]=1)),Party[Party],Party[Short])} -> INC | H5: {=_xlfn._xlws.FILTER(Result2026[[Alliance]:[Alliance]],(Result2026[[Number]:[Number]]=$B5)*(Result2026[[Position]:[Position]]=1))} -> UDF | I5: =_xlfn.XLOOKUP(New_MLA[[#This Row],[Cand_Ref]],Candidates[candidates__reference],Candidates[candidates__age],"") -> 62 | J5: =_xlfn.XLOOKUP(New_MLA[[#This Row],[Number]],Constituency[Number],Constituency[Total_Voters]) -> 228512 | K5: =SUMIFS(Result2026[Votes],Result2026[Number],B5) -> 180816 | L5: =_xlfn.XLOOKUP(New_MLA[[#This Row],[Number]],Result2026[Number],Result2026[Percentage]) -> 78.07 | M5: {=_xlfn._xlws.FILTER(Result2026[[Votes]:[Votes]],(Result2026[[Number]:[Number]]=$B5)*(Result2026[[Position]:[Position]]=1))} -> 78910 | N5: =New_MLA[[#This Row],[Member_Votes]]/New_MLA[[#This Row],[Valid Votes]] -> 0.43641049 | O5: {=_xlfn._xlws.FILTER(Result2026[[Votes]:[Votes]],(Result2026[[Number]:[Number]]=$B5)*(Result2026[[Position]:[Position]]=1))-_xlfn._xlws.FILTER(Result2026[[Votes]:[Votes]],(Result2026[[Number]:[Number]]=$B5)*(Result2026[[Position]:[Position]]=2))} -> 4847
B6: 4 | C6: Kanhangad | D6: Kasaragod | E6: {=_xlfn._xlws.FILTER(Result2026[[Candidate_Name]:[Candidate_Name]],(Result2026[[Number]:[Number]]=$B6)*(Result2026[[Position]:[Position]]=1))} -> Govindan Pallikkappil | F6: {=_xlfn._xlws.FILTER(Result2026[[Candidate_Ref]:[Candidate_Ref]],(Result2026[[Number]:[Number]]=$B6)*(Result2026[[Position]:[Position]]=1))} -> 26kla004 | G6: {=_xlfn.XLOOKUP(_xlfn._xlws.FILTER(Result2026[[Party]:[Party]],(Result2026[[Number]:[Number]]=$B6)*(Result2026[[Position]:[Position]]=1)),Party[Party],Party[Short])} -> CPI | H6: {=_xlfn._xlws.FILTER(Result2026[[Alliance]:[Alliance]],(Result2026[[Number]:[Number]]=$B6)*(Result2026[[Position]:[Position]]=1))} -> LDF | I6: =_xlfn.XLOOKUP(New_MLA[[#This Row],[Cand_Ref]],Candidates[candidates__reference],Candidates[candidates__age],"") -> 60 | J6: =_xlfn.XLOOKUP(New_MLA[[#This Row],[Number]],Constituency[Number],Constituency[Total_Voters]) -> 223980 | K6: =SUMIFS(Result2026[Votes],Result2026[Number],B6) -> 175777 | L6: =_xlfn.XLOOKUP(New_MLA[[#This Row],[Number]],Result2026[Number],Result2026[Percentage]) -> 77.24 | M6: {=_xlfn._xlws.FILTER(Result2026[[Votes]:[Votes]],(Result2026[[Number]:[Number]]=$B6)*(Result2026[[Position]:[Position]]=1))} -> 79920 | N6: =New_MLA[[#This Row],[Member_Votes]]/New_MLA[[#This Row],[Valid Votes]] -> 0.45466699 | O6: {=_xlfn._xlws.FILTER(Result2026[[Votes]:[Votes]],(Result2026[[Number]:[Number]]=$B6)*(Result2026[[Position]:[Position]]=1))-_xlfn._xlws.FILTER(Result2026[[Votes]:[Votes]],(Result2026[[Number]:[Number]]=$B6)*(Result2026[[Position]:[Position]]=2))} -> 15316
B7: 5 | C7: Thrikaripur | D7: Kasaragod | E7: {=_xlfn._xlws.FILTER(Result2026[[Candidate_Name]:[Candidate_Name]],(Result2026[[Number]:[Number]]=$B7)*(Result2026[[Position]:[Position]]=1))} -> Sandeep Varier | F7: {=_xlfn._xlws.FILTER(Result2026[[Candidate_Ref]:[Candidate_Ref]],(Result2026[[Number]:[Number]]=$B7)*(Result2026[[Position]:[Position]]=1))} -> 26kla145 | G7: {=_xlfn.XLOOKUP(_xlfn._xlws.FILTER(Result2026[[Party]:[Party]],(Result2026[[Number]:[Number]]=$B7)*(Result2026[[Position]:[Position]]=1)),Party[Party],Party[Short])} -> INC | H7: {=_xlfn._xlws.FILTER(Result2026[[Alliance]:[Alliance]],(Result2026[[Number]:[Number]]=$B7)*(Result2026[[Position]:[Position]]=1))} -> UDF | I7: =_xlfn.XLOOKUP(New_MLA[[#This Row],[Cand_Ref]],Candidates[candidates__reference],Candidates[candidates__age],"") -> 44 | J7: =_xlfn.XLOOKUP(New_MLA[[#This Row],[Number]],Constituency[Number],Constituency[Total_Voters]) -> 210090 | K7: =SUMIFS(Result2026[Votes],Result2026[Number],B7) -> 170904 | L7: =_xlfn.XLOOKUP(New_MLA[[#This Row],[Number]],Result2026[Number],Result2026[Percentage]) -> 79.65 | M7: {=_xlfn._xlws.FILTER(Result2026[[Votes]:[Votes]],(Result2026[[Number]:[Number]]=$B7)*(Result2026[[Position]:[Position]]=1))} -> 83109 | N7: =New_MLA[[#This Row],[Member_Votes]]/New_MLA[[#This Row],[Valid Votes]] -> 0.48629055 | O7: {=_xlfn._xlws.FILTER(Result2026[[Votes]:[Votes]],(Result2026[[Number]:[Number]]=$B7)*(Result2026[[Position]:[Position]]=1))-_xlfn._xlws.FILTER(Result2026[[Votes]:[Votes]],(Result2026[[Number]:[Number]]=$B7)*(Result2026[[Position]:[Position]]=2))} -> 4431
B8: 6 | C8: Payyanur | D8: Kannur | E8: {=_xlfn._xlws.FILTER(Result2026[[Candidate_Name]:[Candidate_Name]],(Result2026[[Number]:[Number]]=$B8)*(Result2026[[Position]:[Position]]=1))} -> V. Kunjikrishnan | F8: {=_xlfn._xlws.FILTER(Result2026[[Candidate_Ref]:[Candidate_Ref]],(Result2026[[Number]:[Number]]=$B8)*(Result2026[[Position]:[Position]]=1))} -> 26kla146 | G8: {=_xlfn.XLOOKUP(_xlfn._xlws.FILTER(Result2026[[Party]:[Party]],(Result2026[[Number]:[Number]]=$B8)*(Result2026[[Position]:[Position]]=1)),Party[Party],Party[Short])} -> Independent | H8: {=_xlfn._xlws.FILTER(Result2026[[Alliance]:[Alliance]],(Result2026[[Number]:[Number]]=$B8)*(Result2026[[Position]:[Position]]=1))} -> UDF | I8: =_xlfn.XLOOKUP(New_MLA[[#This Row],[Cand_Ref]],Candidates[candidates__reference],Candidates[candidates__age],"") -> 74 | J8: =_xlfn.XLOOKUP(New_MLA[[#This Row],[Number]],Constituency[Number],Constituency[Total_Voters]) -> 188935 | K8: =SUMIFS(Result2026[Votes],Result2026[Number],B8) -> 155970 | L8: =_xlfn.XLOOKUP(New_MLA[[#This Row],[Number]],Result2026[Number],Result2026[Percentage]) -> 80.57 | M8: {=_xlfn._xlws.FILTER(Result2026[[Votes]:[Votes]],(Result2026[[Number]:[Number]]=$B8)*(Result2026[[Position]:[Position]]=1))} -> 76640 | N8: =New_MLA[[#This Row],[Member_Votes]]/New_MLA[[#This Row],[Valid Votes]] -> 0.49137655 | O8: {=_xlfn._xlws.FILTER(Result2026[[Votes]:[Votes]],(Result2026[[Number]:[Number]]=$B8)*(Result2026[[Position]:[Position]]=1))-_xlfn._xlws.FILTER(Result2026[[Votes]:[Votes]],(Result2026[[Number]:[Number]]=$B8)*(Result2026[[Position]:[Position]]=2))} -> 7487
B9: 7 | C9: Kalliasseri | D9: Kannur | E9: {=_xlfn._xlws.FILTER(Result2026[[Candidate_Name]:[Candidate_Name]],(Result2026[[Number]:[Number]]=$B9)*(Result2026[[Position]:[Position]]=1))} -> M. Vijin | F9: {=_xlfn._xlws.FILTER(Result2026[[Candidate_Ref]:[Candidate_Ref]],(Result2026[[Number]:[Number]]=$B9)*(Result2026[[Position]:[Position]]=1))} -> 26kla007 | G9: {=_xlfn.XLOOKUP(_xlfn._xlws.FILTER(Result2026[[Party]:[Party]],(Result2026[[Number]:[Number]]=$B9)*(Result2026[[Position]:[Position]]=1)),Party[Party],Party[Short])} -> CPI(M) | H9: {=_xlfn._xlws.FILTER(Result2026[[Alliance]:[Alliance]],(Result2026[[Number]:[Number]]=$B9)*(Result2026[[Position]:[Position]]=1))} -> LDF | I9: =_xlfn.XLOOKUP(New_MLA[[#This Row],[Cand_Ref]],Candidates[candidates__reference],Candidates[candidates__age],"") -> 36 | J9: =_xlfn.XLOOKUP(New_MLA[[#This Row],[Number]],Constituency[Number],Constituency[Total_Voters]) -> 203796 | K9: =SUMIFS(Result2026[Votes],Result2026[Number],B9) -> 159867 | L9: =_xlfn.XLOOKUP(New_MLA[[#This Row],[Number]],Result2026[Number],Result2026[Percentage]) -> 76.99 | M9: {=_xlfn._xlws.FILTER(Result2026[[Votes]:[Votes]],(Result2026[[Number]:[Number]]=$B9)*(Result2026[[Position]:[Position]]=1))} -> 81428 | N9: =New_MLA[[#This Row],[Member_Votes]]/New_MLA[[#This Row],[Valid Votes]] -> 0.5093484 | O9: {=_xlfn._xlws.FILTER(Result2026[[Votes]:[Votes]],(Result2026[[Number]:[Number]]=$B9)*(Result2026[[Position]:[Position]]=1))-_xlfn._xlws.FILTER(Result2026[[Votes]:[Votes]],(Result2026[[Number]:[Number]]=$B9)*(Result2026[[Position]:[Position]]=2))} -> 18433
B10: 8 | C10: Taliparamba | D10: Kannur | E10: {=_xlfn._xlws.FILTER(Result2026[[Candidate_Name]:[Candidate_Name]],(Result2026[[Number]:[Number]]=$B10)*(Result2026[[Position]:[Position]]=1))} -> T K Govindan Master | F10: {=_xlfn._xlws.FILTER(Result2026[[Candidate_Ref]:[Candidate_Ref]],(Result2026[[Number]:[Number]]=$B10)*(Result2026[[Position]:[Position]]=1))} -> 26kla1041 | G10: {=_xlfn.XLOOKUP(_xlfn._xlws.FILTER(Result2026[[Party]:[Party]],(Result2026[[Number]:[Number]]=$B10)*(Result2026[[Position]:[Position]]=1)),Party[Party],Party[Short])} -> Independent | H10: {=_xlfn._xlws.FILTER(Result2026[[Alliance]:[Alliance]],(Result2026[[Number]:[Number]]=$B10)*(Result2026[[Position]:[Position]]=1))} -> UDF | I10: =_xlfn.XLOOKUP(New_MLA[[#This Row],[Cand_Ref]],Candidates[candidates__reference],Candidates[candidates__age],"") -> 75 | J10: =_xlfn.XLOOKUP(New_MLA[[#This Row],[Number]],Constituency[Number],Constituency[Total_Voters]) -> 232280 | K10: =SUMIFS(Result2026[Votes],Result2026[Number],B10) -> 192175 | L10: =_xlfn.XLOOKUP(New_MLA[[#This Row],[Number]],Result2026[Number],Result2026[Percentage]) -> 81.01 | M10: {=_xlfn._xlws.FILTER(Result2026[[Votes]:[Votes]],(Result2026[[Number]:[Number]]=$B10)*(Result2026[[Position]:[Position]]=1))} -> 91339 | N10: =New_MLA[[#This Row],[Member_Votes]]/New_MLA[[#This Row],[Valid Votes]] -> 0.47529075 | O10: {=_xlfn._xlws.FILTER(Result2026[[Votes]:[Votes]],(Result2026[[Number]:[Number]]=$B10)*(Result2026[[Position]:[Position]]=1))-_xlfn._xlws.FILTER(Result2026[[Votes]:[Votes]],(Result2026[[Number]:[Number]]=$B10)*(Result2026[[Position]:[Position]]=2))} -> 12551
B11: 9 | C11: Irikkur | D11: Kannur | E11: {=_xlfn._xlws.FILTER(Result2026[[Candidate_Name]:[Candidate_Name]],(Result2026[[Number]:[Number]]=$B11)*(Result2026[[Position]:[Position]]=1))} -> Adv. Sajeev Joseph | F11: {=_xlfn._xlws.FILTER(Result2026[[Candidate_Ref]:[Candidate_Ref]],(Result2026[[Number]:[Number]]=$B11)*(Result2026[[Position]:[Position]]=1))} -> 26kla149 | G11: {=_xlfn.XLOOKUP(_xlfn._xlws.FILTER(Result2026[[Party]:[Party]],(Result2026[[Number]:[Number]]=$B11)*(Result2026[[Position]:[Position]]=1)),Party[Party],Party[Short])} -> INC | H11: {=_xlfn._xlws.FILTER(Result2026[[Alliance]:[Alliance]],(Result2026[[Number]:[Number]]=$B11)*(Result2026[[Position]:[Position]]=1))} -> UDF | I11: =_xlfn.XLOOKUP(New_MLA[[#This Row],[Cand_Ref]],Candidates[candidates__reference],Candidates[candidates__age],"") -> 53 | J11: =_xlfn.XLOOKUP(New_MLA[[#This Row],[Number]],Constituency[Number],Constituency[Total_Voters]) -> 199326 | K11: =SUMIFS(Result2026[Votes],Result2026[Number],B11) -> 151645 | L11: =_xlfn.XLOOKUP(New_MLA[[#This Row],[Number]],Result2026[Number],Result2026[Percentage]) -> 74.32 | M11: {=_xlfn._xlws.FILTER(Result2026[[Votes]:[Votes]],(Result2026[[Number]:[Number]]=$B11)*(Result2026[[Position]:[Position]]=1))} -> 90895 | N11: =New_MLA[[#This Row],[Member_Votes]]/New_MLA[[#This Row],[Valid Votes]] -> 0.59939332 | O11: {=_xlfn._xlws.FILTER(Result2026[[Votes]:[Votes]],(Result2026[[Number]:[Number]]=$B11)*(Result2026[[Position]:[Position]]=1))-_xlfn._xlws.FILTER(Result2026[[Votes]:[Votes]],(Result2026[[Number]:[Number]]=$B11)*(Result2026[[Position]:[Position]]=2))} -> 42426
B12: 10 | C12: Azhikode | D12: Kannur | E12: {=_xlfn._xlws.FILTER(Result2026[[Candidate_Name]:[Candidate_Name]],(Result2026[[Number]:[Number]]=$B12)*(Result2026[[Position]:[Position]]=1))} -> K. V. Sumesh | F12: {=_xlfn._xlws.FILTER(Result2026[[Candidate_Ref]:[Candidate_Ref]],(Result2026[[Number]:[Number]]=$B12)*(Result2026[[Position]:[Position]]=1))} -> 26kla010 | G12: {=_xlfn.XLOOKUP(_xlfn._xlws.FILTER(Result2026[[Party]:[Party]],(Result2026[[Number]:[Number]]=$B12)*(Result2026[[Position]:[Position]]=1)),Party[Party],Party[Short])} -> CPI(M) | H12: {=_xlfn._xlws.FILTER(Result2026[[Alliance]:[Alliance]],(Result2026[[Number]:[Number]]=$B12)*(Result2026[[Position]:[Position]]=1))} -> LDF | I12: =_xlfn.XLOOKUP(New_MLA[[#This Row],[Cand_Ref]],Candidates[candidates__reference],Candidates[candidates__age],"") -> 47 | J12: =_xlfn.XLOOKUP(New_MLA[[#This Row],[Number]],Constituency[Number],Constituency[Total_Voters]) -> 188250 | K12: =SUMIFS(Result2026[Votes],Result2026[Number],B12) -> 148412 | L12: =_xlfn.XLOOKUP(New_MLA[[#This Row],[Number]],Result2026[Number],Result2026[Percentage]) -> 77.71 | M12: {=_xlfn._xlws.FILTER(Result2026[[Votes]:[Votes]],(Result2026[[Number]:[Number]]=$B12)*(Result2026[[Position]:[Position]]=1))} -> 64951 | N12: =New_MLA[[#This Row],[Member_Votes]]/New_MLA[[#This Row],[Valid Votes]] -> 0.43763981 | O12: {=_xlfn._xlws.FILTER(Result2026[[Votes]:[Votes]],(Result2026[[Number]:[Number]]=$B12)*(Result2026[[Position]:[Position]]=1))-_xlfn._xlws.FILTER(Result2026[[Votes]:[Votes]],(Result2026[[Number]:[Number]]=$B12)*(Result2026[[Position]:[Position]]=2))} -> 349
B13: 11 | C13: Kannur | D13: Kannur | E13: {=_xlfn._xlws.FILTER(Result2026[[Candidate_Name]:[Candidate_Name]],(Result2026[[Number]:[Number]]=$B13)*(Result2026[[Position]:[Position]]=1))} -> Adv. T. O. Mohanan | F13: {=_xlfn._xlws.FILTER(Result2026[[Candidate_Ref]:[Candidate_Ref]],(Result2026[[Number]:[Number]]=$B13)*(Result2026[[Position]:[Position]]=1))} -> 26kla151 | G13: {=_xlfn.XLOOKUP(_xlfn._xlws.FILTER(Result2026[[Party]:[Party]],(Result2026[[Number]:[Number]]=$B13)*(Result2026[[Position]:[Position]]=1)),Party[Party],Party[Short])} -> INC | H13: {=_xlfn._xlws.FILTER(Result2026[[Alliance]:[Alliance]],(Result2026[[Number]:[Number]]=$B13)*(Result2026[[Position]:[Position]]=1))} -> UDF | I13: =_xlfn.XLOOKUP(New_MLA[[#This Row],[Cand_Ref]],Candidates[candidates__reference],Candidates[candidates__age],"") -> 60 | J13: =_xlfn.XLOOKUP(New_MLA[[#This Row],[Number]],Constituency[Number],Constituency[Total_Voters]) -> 182682 | K13: =SUMIFS(Result2026[Votes],Result2026[Number],B13) -> 140519 | L13: =_xlfn.XLOOKUP(New_MLA[[#This Row],[Number]],Result2026[Number],Result2026[Percentage]) -> 75.61 | M13: {=_xlfn._xlws.FILTER(Result2026[[Votes]:[Votes]],(Result2026[[Number]:[Number]]=$B13)*(Result2026[[Position]:[Position]]=1))} -> 70620 | N13: =New_MLA[[#This Row],[Member_Votes]]/New_MLA[[#This Row],[Valid Votes]] -> 0.50256549 | O13: {=_xlfn._xlws.FILTER(Result2026[[Votes]:[Votes]],(Result2026[[Number]:[Number]]=$B13)*(Result2026[[Position]:[Position]]=1))-_xlfn._xlws.FILTER(Result2026[[Votes]:[Votes]],(Result2026[[Number]:[Number]]=$B13)*(Result2026[[Position]:[Position]]=2))} -> 18551
B14: 12 | C14: Dharmadom | D14: Kannur | E14: {=_xlfn._xlws.FILTER(Result2026[[Candidate_Name]:[Candidate_Name]],(Result2026[[Number]:[Number]]=$B14)*(Result2026[[Position]:[Position]]=1))} -> Pinarayi Vijayan | F14: {=_xlfn._xlws.FILTER(Result2026[[Candidate_Ref]:[Candidate_Ref]],(Result2026[[Number]:[Number]]=$B14)*(Result2026[[Position]:[Position]]=1))} -> 26kla012 | G14: {=_xlfn.XLOOKUP(_xlfn._xlws.FILTER(Result2026[[Party]:[Party]],(Result2026[[Number]:[Number]]=$B14)*(Result2026[[Position]:[Position]]=1)),Party[Party],Party[Short])} -> CPI(M) | H14: {=_xlfn._xlws.FILTER(Result2026[[Alliance]:[Alliance]],(Result2026[[Number]:[Number]]=$B14)*(Result2026[[Position]:[Position]]=1))} -> LDF | I14: =_xlfn.XLOOKUP(New_MLA[[#This Row],[Cand_Ref]],Candidates[candidates__reference],Candidates[candidates__age],"") -> 82 | J14: =_xlfn.XLOOKUP(New_MLA[[#This Row],[Number]],Constituency[Number],Constituency[Total_Voters]) -> 206000 | K14: =SUMIFS(Result2026[Votes],Result2026[Number],B14) -> 171659 | L14: =_xlfn.XLOOKUP(New_MLA[[#This Row],[Number]],Result2026[Number],Result2026[Percentage]) -> 81.44 | M14: {=_xlfn._xlws.FILTER(Result2026[[Votes]:[Votes]],(Result2026[[Number]:[Number]]=$B14)*(Result2026[[Position]:[Position]]=1))} -> 85614 | N14: =New_MLA[[#This Row],[Member_Votes]]/New_MLA[[#This Row],[Valid Votes]] -> 0.4987446 | O14: {=_xlfn._xlws.FILTER(Result2026[[Votes]:[Votes]],(Result2026[[Number]:[Number]]=$B14)*(Result2026[[Position]:[Position]]=1))-_xlfn._xlws.FILTER(Result2026[[Votes]:[Votes]],(Result2026[[Number]:[Number]]=$B14)*(Result2026[[Position]:[Position]]=2))} -> 19247
... B142: 140 | C142: Neyyattinkara | D142: Thiruvananthapuram | E142: {=_xlfn._xlws.FILTER(Result2026[[Candidate_Name]:[Candidate_Name]],(Result2026[[Number]:[Number]]=$B142)*(Result2026[[Position]:[Position]]=1))} -> N. Sakthan | F142: {=_xlfn._xlws.FILTER(Result2026[[Candidate_Ref]:[Candidate_Ref]],(Result2026[[Number]:[Number]]=$B142)*(Result2026[[Position]:[Position]]=1))} -> 26kla280 | G142: {=_xlfn.XLOOKUP(_xlfn._xlws.FILTER(Result2026[[Party]:[Party]],(Result2026[[Number]:[Number]]=$B142)*(Result2026[[Position]:[Position]]=1)),Party[Party],Party[Short])} -> INC | H142: {=_xlfn._xlws.FILTER(Result2026[[Alliance]:[Alliance]],(Result2026[[Number]:[Number]]=$B142)*(Result2026[[Position]:[Position]]=1))} -> UDF | I142: =_xlfn.XLOOKUP(New_MLA[[#This Row],[Cand_Ref]],Candidates[candidates__reference],Candidates[candidates__age],"") -> 75 | J142: =_xlfn.XLOOKUP(New_MLA[[#This Row],[Number]],Constituency[Number],Constituency[Total_Voters]) -> 167377 | K142: =SUMIFS(Result2026[Votes],Result2026[Number],B142) -> 133616 | L142: =_xlfn.XLOOKUP(New_MLA[[#This Row],[Number]],Result2026[Number],Result2026[Percentage]) -> 77.55 | M142: {=_xlfn._xlws.FILTER(Result2026[[Votes]:[Votes]],(Result2026[[Number]:[Number]]=$B142)*(Result2026[[Position]:[Position]]=1))} -> 58760 | N142: =New_MLA[[#This Row],[Member_Votes]]/New_MLA[[#This Row],[Valid Votes]] -> 0.43976769 | O142: {=_xlfn._xlws.FILTER(Result2026[[Votes]:[Votes]],(Result2026[[Number]:[Number]]=$B142)*(Result2026[[Position]:[Position]]=1))-_xlfn._xlws.FILTER(Result2026[[Votes]:[Votes]],(Result2026[[Number]:[Number]]=$B142)*(Result2026[[Position]:[Position]]=2))} -> 6966

Sheet Result2026
A1: Number | B1: Constituency_Name | C1: District | D1: Total_Voters | E1: Percentage | F1: Candidate_Name | G1: Candidate_Ref | H1: Alliance | I1: Party | J1: Votes | K1: Position
A2: 1 | B2: Manjeshwaram | C2: Kasaragod | D2: 230113 | E2: 81.04 | F2: A. K. M. Ashraf | G2: =IF(Result2026[[#This Row],[Candidate_Name]]<>"NOTA",_xlfn.XLOOKUP(Result2026[[#This Row],[Candidate_Name]],Candidates[candidates__name],Candidates[candidates__reference],"Fix"),"NOTA") -> 26kla141 | H2: UDF | I2: Indian Union Muslim League | J2: 96948 | K2: {=IF(_xlfn._xlws.FILTER(Result2026[Candidate_Name],(Result2026[Votes]=LARGE(_xlfn._xlws.FILTER(Result2026[Votes],Result2026[Number]=Result2026[[#This Row],[Number]]),1))*(Result2026[Number]=Result2026[[#This Row],[Number]]))=Result2026[[#This Row],[Candidate_Name]],1, IF(_xlfn._xlws.FILTER(Result2026[Candidate_Name],(Result2026[Votes]=LARGE(_xlfn._xlws.FILTER(Result2026[Votes],Result2026[Number]=Result2026[[#This Row],[Number]]),2))*(Result2026[Number]=Result2026[[#This Row],[Number]]))=Result2026[[#This Row],[Candidate_Name]],2, IF(_xlfn._xlws.FILTER(Result2026[Candidate_Name],(Result2026[Votes]=LARGE(_xlfn._xlws.FILTER(Result2026[Votes],Result2026[Number]=Result2026[[#This Row],[Number]]),3))*(Result2026[Number]=Result2026[[#This Row],[Number]]))=Result2026[[#This Row],[Candidate_Name]],3, "")))} -> 1
A3: 1 | B3: Manjeshwaram | C3: Kasaragod | D3: 230113 | E3: 81.04 | F3: K. Surendran | G3: =IF(Result2026[[#This Row],[Candidate_Name]]<>"NOTA",_xlfn.XLOOKUP(Result2026[[#This Row],[Candidate_Name]],Candidates[candidates__name],Candidates[candidates__reference],"Fix"),"NOTA") -> 26kla281 | H3: NDA | I3: Bharatiya Janata Party | J3: 67696 | K3: {=IF(_xlfn._xlws.FILTER(Result2026[Candidate_Name],(Result2026[Votes]=LARGE(_xlfn._xlws.FILTER(Result2026[Votes],Result2026[Number]=Result2026[[#This Row],[Number]]),1))*(Result2026[Number]=Result2026[[#This Row],[Number]]))=Result2026[[#This Row],[Candidate_Name]],1, IF(_xlfn._xlws.FILTER(Result2026[Candidate_Name],(Result2026[Votes]=LARGE(_xlfn._xlws.FILTER(Result2026[Votes],Result2026[Number]=Result2026[[#This Row],[Number]]),2))*(Result2026[Number]=Result2026[[#This Row],[Number]]))=Result2026[[#This Row],[Candidate_Name]],2, IF(_xlfn._xlws.FILTER(Result2026[Candidate_Name],(Result2026[Votes]=LARGE(_xlfn._xlws.FILTER(Result2026[Votes],Result2026[Number]=Result2026[[#This Row],[Number]]),3))*(Result2026[Number]=Result2026[[#This Row],[Number]]))=Result2026[[#This Row],[Candidate_Name]],3, "")))} -> 2
A4: 1 | B4: Manjeshwaram | C4: Kasaragod | D4: 230113 | E4: 81.04 | F4: K. R. Jayananda | G4: =IF(Result2026[[#This Row],[Candidate_Name]]<>"NOTA",_xlfn.XLOOKUP(Result2026[[#This Row],[Candidate_Name]],Candidates[candidates__name],Candidates[candidates__reference],"Fix"),"NOTA") -> 26kla001 | H4: LDF | I4: Communist Party of India (Marxist) | J4: 21212 | K4: {=IF(_xlfn._xlws.FILTER(Result2026[Candidate_Name],(Result2026[Votes]=LARGE(_xlfn._xlws.FILTER(Result2026[Votes],Result2026[Number]=Result2026[[#This Row],[Number]]),1))*(Result2026[Number]=Result2026[[#This Row],[Number]]))=Result2026[[#This Row],[Candidate_Name]],1, IF(_xlfn._xlws.FILTER(Result2026[Candidate_Name],(Result2026[Votes]=LARGE(_xlfn._xlws.FILTER(Result2026[Votes],Result2026[Number]=Result2026[[#This Row],[Number]]),2))*(Result2026[Number]=Result2026[[#This Row],[Number]]))=Result2026[[#This Row],[Candidate_Name]],2, IF(_xlfn._xlws.FILTER(Result2026[Candidate_Name],(Result2026[Votes]=LARGE(_xlfn._xlws.FILTER(Result2026[Votes],Result2026[Number]=Result2026[[#This Row],[Number]]),3))*(Result2026[Number]=Result2026[[#This Row],[Number]]))=Result2026[[#This Row],[Candidate_Name]],3, "")))} -> 3
A5: 1 | B5: Manjeshwaram | C5: Kasaragod | D5: 230113 | E5: 81.04 | F5: Gean Lavina Monteiro | G5: =IF(Result2026[[#This Row],[Candidate_Name]]<>"NOTA",_xlfn.XLOOKUP(Result2026[[#This Row],[Candidate_Name]],Candidates[candidates__name],Candidates[candidates__reference],"Fix"),"NOTA") -> 26kla784 | H5: others | I5: Independent | J5: 523 | K5: {=IF(_xlfn._xlws.FILTER(Result2026[Candidate_Name],(Result2026[Votes]=LARGE(_xlfn._xlws.FILTER(Result2026[Votes],Result2026[Number]=Result2026[[#This Row],[Number]]),1))*(Result2026[Number]=Result2026[[#This Row],[Number]]))=Result2026[[#This Row],[Candidate_Name]],1, IF(_xlfn._xlws.FILTER(Result2026[Candidate_Name],(Result2026[Votes]=LARGE(_xlfn._xlws.FILTER(Result2026[Votes],Result2026[Number]=Result2026[[#This Row],[Number]]),2))*(Result2026[Number]=Result2026[[#This Row],[Number]]))=Result2026[[#This Row],[Candidate_Name]],2, IF(_xlfn._xlws.FILTER(Result2026[Candidate_Name],(Result2026[Votes]=LARGE(_xlfn._xlws.FILTER(Result2026[Votes],Result2026[Number]=Result2026[[#This Row],[Number]]),3))*(Result2026[Number]=Result2026[[#This Row],[Number]]))=Result2026[[#This Row],[Candidate_Name]],3, "")))}
A6: 1 | B6: Manjeshwaram | C6: Kasaragod | D6: 230113 | E6: 81.04 | F6: NOTA | G6: =IF(Result2026[[#This Row],[Candidate_Name]]<>"NOTA",_xlfn.XLOOKUP(Result2026[[#This Row],[Candidate_Name]],Candidates[candidates__name],Candidates[candidates__reference],"Fix"),"NOTA") -> NOTA | H6: others | J6: 455 | K6: {=IF(_xlfn._xlws.FILTER(Result2026[Candidate_Name],(Result2026[Votes]=LARGE(_xlfn._xlws.FILTER(Result2026[Votes],Result2026[Number]=Result2026[[#This Row],[Number]]),1))*(Result2026[Number]=Result2026[[#This Row],[Number]]))=Result2026[[#This Row],[Candidate_Name]],1, IF(_xlfn._xlws.FILTER(Result2026[Candidate_Name],(Result2026[Votes]=LARGE(_xlfn._xlws.FILTER(Result2026[Votes],Result2026[Number]=Result2026[[#This Row],[Number]]),2))*(Result2026[Number]=Result2026[[#This Row],[Number]]))=Result2026[[#This Row],[Candidate_Name]],2, IF(_xlfn._xlws.FILTER(Result2026[Candidate_Name],(Result2026[Votes]=LARGE(_xlfn._xlws.FILTER(Result2026[Votes],Result2026[Number]=Result2026[[#This Row],[Number]]),3))*(Result2026[Number]=Result2026[[#This Row],[Number]]))=Result2026[[#This Row],[Candidate_Name]],3, "")))}
A7: 1 | B7: Manjeshwaram | C7: Kasaragod | D7: 230113 | E7: 81.04 | F7: Kannur Abdulla Master | G7: =IF(Result2026[[#This Row],[Candidate_Name]]<>"NOTA",_xlfn.XLOOKUP(Result2026[[#This Row],[Candidate_Name]],Candidates[candidates__name],Candidates[candidates__reference],"Fix"),"NOTA") -> 26kla812 | H7: others | I7: Independent | J7: 285 | K7: {=IF(_xlfn._xlws.FILTER(Result2026[Candidate_Name],(Result2026[Votes]=LARGE(_xlfn._xlws.FILTER(Result2026[Votes],Result2026[Number]=Result2026[[#This Row],[Number]]),1))*(Result2026[Number]=Result2026[[#This Row],[Number]]))=Result2026[[#This Row],[Candidate_Name]],1, IF(_xlfn._xlws.FILTER(Result2026[Candidate_Name],(Result2026[Votes]=LARGE(_xlfn._xlws.FILTER(Result2026[Votes],Result2026[Number]=Result2026[[#This Row],[Number]]),2))*(Result2026[Number]=Result2026[[#This Row],[Number]]))=Result2026[[#This Row],[Candidate_Name]],2, IF(_xlfn._xlws.FILTER(Result2026[Candidate_Name],(Result2026[Votes]=LARGE(_xlfn._xlws.FILTER(Result2026[Votes],Result2026[Number]=Result2026[[#This Row],[Number]]),3))*(Result2026[Number]=Result2026[[#This Row],[Number]]))=Result2026[[#This Row],[Candidate_Name]],3, "")))}
A8: 1 | B8: Manjeshwaram | C8: Kasaragod | D8: 230113 | E8: 81.04 | F8: Sanjeeva | G8: =IF(Result2026[[#This Row],[Candidate_Name]]<>"NOTA",_xlfn.XLOOKUP(Result2026[[#This Row],[Candidate_Name]],Candidates[candidates__name],Candidates[candidates__reference],"Fix"),"NOTA") -> 26kla972 | H8: others | I8: Bahujan Samaj Party | J8: 212 | K8: {=IF(_xlfn._xlws.FILTER(Result2026[Candidate_Name],(Result2026[Votes]=LARGE(_xlfn._xlws.FILTER(Result2026[Votes],Result2026[Number]=Result2026[[#This Row],[Number]]),1))*(Result2026[Number]=Result2026[[#This Row],[Number]]))=Result2026[[#This Row],[Candidate_Name]],1, IF(_xlfn._xlws.FILTER(Result2026[Candidate_Name],(Result2026[Votes]=LARGE(_xlfn._xlws.FILTER(Result2026[Votes],Result2026[Number]=Result2026[[#This Row],[Number]]),2))*(Result2026[Number]=Result2026[[#This Row],[Number]]))=Result2026[[#This Row],[Candidate_Name]],2, IF(_xlfn._xlws.FILTER(Result2026[Candidate_Name],(Result2026[Votes]=LARGE(_xlfn._xlws.FILTER(Result2026[Votes],Result2026[Number]=Result2026[[#This Row],[Number]]),3))*(Result2026[Number]=Result2026[[#This Row],[Number]]))=Result2026[[#This Row],[Candidate_Name]],3, "")))}
A9: 1 | B9: Manjeshwaram | C9: Kasaragod | D9: 230113 | E9: 81.04 | F9: D Surendran Nair | G9: =IF(Result2026[[#This Row],[Candidate_Name]]<>"NOTA",_xlfn.XLOOKUP(Result2026[[#This Row],[Candidate_Name]],Candidates[candidates__name],Candidates[candidates__reference],"Fix"),"NOTA") -> 26kla774 | H9: others | I9: Independent | J9: 203 | K9: {=IF(_xlfn._xlws.FILTER(Result2026[Candidate_Name],(Result2026[Votes]=LARGE(_xlfn._xlws.FILTER(Result2026[Votes],Result2026[Number]=Result2026[[#This Row],[Number]]),1))*(Result2026[Number]=Result2026[[#This Row],[Number]]))=Result2026[[#This Row],[Candidate_Name]],1, IF(_xlfn._xlws.FILTER(Result2026[Candidate_Name],(Result2026[Votes]=LARGE(_xlfn._xlws.FILTER(Result2026[Votes],Result2026[Number]=Result2026[[#This Row],[Number]]),2))*(Result2026[Number]=Result2026[[#This Row],[Number]]))=Result2026[[#This Row],[Candidate_Name]],2, IF(_xlfn._xlws.FILTER(Result2026[Candidate_Name],(Result2026[Votes]=LARGE(_xlfn._xlws.FILTER(Result2026[Votes],Result2026[Number]=Result2026[[#This Row],[Number]]),3))*(Result2026[Number]=Result2026[[#This Row],[Number]]))=Result2026[[#This Row],[Candidate_Name]],3, "")))}
A10: 1 | B10: Manjeshwaram | C10: Kasaragod | D10: 230113 | E10: 81.04 | F10: Abdul Latheef I | G10: =IF(Result2026[[#This Row],[Candidate_Name]]<>"NOTA",_xlfn.XLOOKUP(Result2026[[#This Row],[Candidate_Name]],Candidates[candidates__name],Candidates[candidates__reference],"Fix"),"NOTA") -> 26kla696 | H10: others | I10: Independent | J10: 79 | K10: {=IF(_xlfn._xlws.FILTER(Result2026[Candidate_Name],(Result2026[Votes]=LARGE(_xlfn._xlws.FILTER(Result2026[Votes],Result2026[Number]=Result2026[[#This Row],[Number]]),1))*(Result2026[Number]=Result2026[[#This Row],[Number]]))=Result2026[[#This Row],[Candidate_Name]],1, IF(_xlfn._xlws.FILTER(Result2026[Candidate_Name],(Result2026[Votes]=LARGE(_xlfn._xlws.FILTER(Result2026[Votes],Result2026[Number]=Result2026[[#This Row],[Number]]),2))*(Result2026[Number]=Result2026[[#This Row],[Number]]))=Result2026[[#This Row],[Candidate_Name]],2, IF(_xlfn._xlws.FILTER(Result2026[Candidate_Name],(Result2026[Votes]=LARGE(_xlfn._xlws.FILTER(Result2026[Votes],Result2026[Number]=Result2026[[#This Row],[Number]]),3))*(Result2026[Number]=Result2026[[#This Row],[Number]]))=Result2026[[#This Row],[Candidate_Name]],3, "")))}
A11: 1 | B11: Manjeshwaram | C11: Kasaragod | D11: 230113 | E11: 81.04 | F11: Mohammed Ashraf | G11: =IF(Result2026[[#This Row],[Candidate_Name]]<>"NOTA",_xlfn.XLOOKUP(Result2026[[#This Row],[Candidate_Name]],Candidates[candidates__name],Candidates[candidates__reference],"Fix"),"NOTA") -> 26kla853 | H11: others | I11: Independent | J11: 78 | K11: {=IF(_xlfn._xlws.FILTER(Result2026[Candidate_Name],(Result2026[Votes]=LARGE(_xlfn._xlws.FILTER(Result2026[Votes],Result2026[Number]=Result2026[[#This Row],[Number]]),1))*(Result2026[Number]=Result2026[[#This Row],[Number]]))=Result2026[[#This Row],[Candidate_Name]],1, IF(_xlfn._xlws.FILTER(Result2026[Candidate_Name],(Result2026[Votes]=LARGE(_xlfn._xlws.FILTER(Result2026[Votes],Result2026[Number]=Result2026[[#This Row],[Number]]),2))*(Result2026[Number]=Result2026[[#This Row],[Number]]))=Result2026[[#This Row],[Candidate_Name]],2, IF(_xlfn._xlws.FILTER(Result2026[Candidate_Name],(Result2026[Votes]=LARGE(_xlfn._xlws.FILTER(Result2026[Votes],Result2026[Number]=Result2026[[#This Row],[Number]]),3))*(Result2026[Number]=Result2026[[#This Row],[Number]]))=Result2026[[#This Row],[Candidate_Name]],3, "")))}
A12: 1 | B12: Manjeshwaram | C12: Kasaragod | D12: 230113 | E12: 81.04 | F12: Mohammed Ashraf K A | G12: =IF(Result2026[[#This Row],[Candidate_Name]]<>"NOTA",_xlfn.XLOOKUP(Result2026[[#This Row],[Candidate_Name]],Candidates[candidates__name],Candidates[candidates__reference],"Fix"),"NOTA") -> 26kla854 | H12: others | I12: Independent | J12: 64 | K12: {=IF(_xlfn._xlws.FILTER(Result2026[Candidate_Name],(Result2026[Votes]=LARGE(_xlfn._xlws.FILTER(Result2026[Votes],Result2026[Number]=Result2026[[#This Row],[Number]]),1))*(Result2026[Number]=Result2026[[#This Row],[Number]]))=Result2026[[#This Row],[Candidate_Name]],1, IF(_xlfn._xlws.FILTER(Result2026[Candidate_Name],(Result2026[Votes]=LARGE(_xlfn._xlws.FILTER(Result2026[Votes],Result2026[Number]=Result2026[[#This Row],[Number]]),2))*(Result2026[Number]=Result2026[[#This Row],[Number]]))=Result2026[[#This Row],[Candidate_Name]],2, IF(_xlfn._xlws.FILTER(Result2026[Candidate_Name],(Result2026[Votes]=LARGE(_xlfn._xlws.FILTER(Result2026[Votes],Result2026[Number]=Result2026[[#This Row],[Number]]),3))*(Result2026[Number]=Result2026[[#This Row],[Number]]))=Result2026[[#This Row],[Candidate_Name]],3, "")))}
A13: 1 | B13: Manjeshwaram | C13: Kasaragod | D13: 230113 | E13: 81.04 | F13: John D' Souza | G13: =IF(Result2026[[#This Row],[Candidate_Name]]<>"NOTA",_xlfn.XLOOKUP(Result2026[[#This Row],[Candidate_Name]],Candidates[candidates__name],Candidates[candidates__reference],"Fix"),"NOTA") -> 26kla802 | H13: others | I13: Independent | J13: 46 | K13: {=IF(_xlfn._xlws.FILTER(Result2026[Candidate_Name],(Result2026[Votes]=LARGE(_xlfn._xlws.FILTER(Result2026[Votes],Result2026[Number]=Result2026[[#This Row],[Number]]),1))*(Result2026[Number]=Result2026[[#This Row],[Number]]))=Result2026[[#This Row],[Candidate_Name]],1, IF(_xlfn._xlws.FILTER(Result2026[Candidate_Name],(Result2026[Votes]=LARGE(_xlfn._xlws.FILTER(Result2026[Votes],Result2026[Number]=Result2026[[#This Row],[Number]]),2))*(Result2026[Number]=Result2026[[#This Row],[Number]]))=Result2026[[#This Row],[Candidate_Name]],2, IF(_xlfn._xlws.FILTER(Result2026[Candidate_Name],(Result2026[Votes]=LARGE(_xlfn._xlws.FILTER(Result2026[Votes],Result2026[Number]=Result2026[[#This Row],[Number]]),3))*(Result2026[Number]=Result2026[[#This Row],[Number]]))=Result2026[[#This Row],[Candidate_Name]],3, "")))}
A14: 2 | B14: Kasaragod | C14: Kasaragod | D14: 210923 | E14: 79.61 | F14: Kallatra Mahin Haji | G14: =IF(Result2026[[#This Row],[Candidate_Name]]<>"NOTA",_xlfn.XLOOKUP(Result2026[[#This Row],[Candidate_Name]],Candidates[candidates__name],Candidates[candidates__reference],"Fix"),"NOTA") -> 26kla142 | H14: UDF | I14: Indian Union Muslim League | J14: 76396 | K14: {=IF(_xlfn._xlws.FILTER(Result2026[Candidate_Name],(Result2026[Votes]=LARGE(_xlfn._xlws.FILTER(Result2026[Votes],Result2026[Number]=Result2026[[#This Row],[Number]]),1))*(Result2026[Number]=Result2026[[#This Row],[Number]]))=Result2026[[#This Row],[Candidate_Name]],1, IF(_xlfn._xlws.FILTER(Result2026[Candidate_Name],(Result2026[Votes]=LARGE(_xlfn._xlws.FILTER(Result2026[Votes],Result2026[Number]=Result2026[[#This Row],[Number]]),2))*(Result2026[Number]=Result2026[[#This Row],[Number]]))=Result2026[[#This Row],[Candidate_Name]],2, IF(_xlfn._xlws.FILTER(Result2026[Candidate_Name],(Result2026[Votes]=LARGE(_xlfn._xlws.FILTER(Result2026[Votes],Result2026[Number]=Result2026[[#This Row],[Number]]),3))*(Result2026[Number]=Result2026[[#This Row],[Number]]))=Result2026[[#This Row],[Candidate_Name]],3, "")))} -> 1
A15: 2 | B15: Kasaragod | C15: Kasaragod | D15: 210923 | E15: 79.61 | F15: Ashwini M.L. | G15: =IF(Result2026[[#This Row],[Candidate_Name]]<>"NOTA",_xlfn.XLOOKUP(Result2026[[#This Row],[Candidate_Name]],Candidates[candidates__name],Candidates[candidates__reference],"Fix"),"NOTA") -> 26kla282 | H15: NDA | I15: Bharatiya Janata Party | J15: 53698 | K15: {=IF(_xlfn._xlws.FILTER(Result2026[Candidate_Name],(Result2026[Votes]=LARGE(_xlfn._xlws.FILTER(Result2026[Votes],Result2026[Number]=Result2026[[#This Row],[Number]]),1))*(Result2026[Number]=Result2026[[#This Row],[Number]]))=Result2026[[#This Row],[Candidate_Name]],1, IF(_xlfn._xlws.FILTER(Result2026[Candidate_Name],(Result2026[Votes]=LARGE(_xlfn._xlws.FILTER(Result2026[Votes],Result2026[Number]=Result2026[[#This Row],[Number]]),2))*(Result2026[Number]=Result2026[[#This Row],[Number]]))=Result2026[[#This Row],[Candidate_Name]],2, IF(_xlfn._xlws.FILTER(Result2026[Candidate_Name],(Result2026[Votes]=LARGE(_xlfn._xlws.FILTER(Result2026[Votes],Result2026[Number]=Result2026[[#This Row],[Number]]),3))*(Result2026[Number]=Result2026[[#This Row],[Number]]))=Result2026[[#This Row],[Candidate_Name]],3, "")))} -> 2
A16: 2 | B16: Kasaragod | C16: Kasaragod | D16: 210923 | E16: 79.61 | F16: Shanavas Padhoor | G16: =IF(Result2026[[#This Row],[Candidate_Name]]<>"NOTA",_xlfn.XLOOKUP(Result2026[[#This Row],[Candidate_Name]],Candidates[candidates__name],Candidates[candidates__reference],"Fix"),"NOTA") -> 26kla002 | H16: LDF | I16: Independent | J16: 36678 | K16: {=IF(_xlfn._xlws.FILTER(Result2026[Candidate_Name],(Result2026[Votes]=LARGE(_xlfn._xlws.FILTER(Result2026[Votes],Result2026[Number]=Result2026[[#This Row],[Number]]),1))*(Result2026[Number]=Result2026[[#This Row],[Number]]))=Result2026[[#This Row],[Candidate_Name]],1, IF(_xlfn._xlws.FILTER(Result2026[Candidate_Name],(Result2026[Votes]=LARGE(_xlfn._xlws.FILTER(Result2026[Votes],Result2026[Number]=Result2026[[#This Row],[Number]]),2))*(Result2026[Number]=Result2026[[#This Row],[Number]]))=Result2026[[#This Row],[Candidate_Name]],2, IF(_xlfn._xlws.FILTER(Result2026[Candidate_Name],(Result2026[Votes]=LARGE(_xlfn._xlws.FILTER(Result2026[Votes],Result2026[Number]=Result2026[[#This Row],[Number]]),3))*(Result2026[Number]=Result2026[[#This Row],[Number]]))=Result2026[[#This Row],[Candidate_Name]],3, "")))} -> 3
A17: 2 | B17: Kasaragod | C17: Kasaragod | D17: 210923 | E17: 79.61 | F17: Shanavas A A | G17: =IF(Result2026[[#This Row],[Candidate_Name]]<>"NOTA",_xlfn.XLOOKUP(Result2026[[#This Row],[Candidate_Name]],Candidates[candidates__name],Candidates[candidates__reference],"Fix"),"NOTA") -> 26kla994 | H17: others | I17: Independent | J17: 893 | K17: {=IF(_xlfn._xlws.FILTER(Result2026[Candidate_Name],(Result2026[Votes]=LARGE(_xlfn._xlws.FILTER(Result2026[Votes],Result2026[Number]=Result2026[[#This Row],[Number]]),1))*(Result2026[Number]=Result2026[[#This Row],[Number]]))=Result2026[[#This Row],[Candidate_Name]],1, IF(_xlfn._xlws.FILTER(Result2026[Candidate_Name],(Result2026[Votes]=LARGE(_xlfn._xlws.FILTER(Result2026[Votes],Result2026[Number]=Result2026[[#This Row],[Number]]),2))*(Result2026[Number]=Result2026[[#This Row],[Number]]))=Result2026[[#This Row],[Candidate_Name]],2, IF(_xlfn._xlws.FILTER(Result2026[Candidate_Name],(Result2026[Votes]=LARGE(_xlfn._xlws.FILTER(Result2026[Votes],Result2026[Number]=Result2026[[#This Row],[Number]]),3))*(Result2026[Number]=Result2026[[#This Row],[Number]]))=Result2026[[#This Row],[Candidate_Name]],3, "")))}
A18: 2 | B18: Kasaragod | C18: Kasaragod | D18: 210923 | E18: 79.61 | F18: Mohammed Ali Fathah B M | G18: =IF(Result2026[[#This Row],[Candidate_Name]]<>"NOTA",_xlfn.XLOOKUP(Result2026[[#This Row],[Candidate_Name]],Candidates[candidates__name],Candidates[candidates__reference],"Fix"),"NOTA") -> 26kla852 | H18: others | I18: Independent | J18: 824 | K18: {=IF(_xlfn._xlws.FILTER(Result2026[Candidate_Name],(Result2026[Votes]=LARGE(_xlfn._xlws.FILTER(Result2026[Votes],Result2026[Number]=Result2026[[#This Row],[Number]]),1))*(Result2026[Number]=Result2026[[#This Row],[Number]]))=Result2026[[#This Row],[Candidate_Name]],1, IF(_xlfn._xlws.FILTER(Result2026[Candidate_Name],(Result2026[Votes]=LARGE(_xlfn._xlws.FILTER(Result2026[Votes],Result2026[Number]=Result2026[[#This Row],[Number]]),2))*(Result2026[Number]=Result2026[[#This Row],[Number]]))=Result2026[[#This Row],[Candidate_Name]],2, IF(_xlfn._xlws.FILTER(Result2026[Candidate_Name],(Result2026[Votes]=LARGE(_xlfn._xlws.FILTER(Result2026[Votes],Result2026[Number]=Result2026[[#This Row],[Number]]),3))*(Result2026[Number]=Result2026[[#This Row],[Number]]))=Result2026[[#This Row],[Candidate_Name]],3, "")))}
A19: 2 | B19: Kasaragod | C19: Kasaragod | D19: 210923 | E19: 79.61 | F19: NOTA | G19: =IF(Result2026[[#This Row],[Candidate_Name]]<>"NOTA",_xlfn.XLOOKUP(Result2026[[#This Row],[Candidate_Name]],Candidates[candidates__name],Candidates[candidates__reference],"Fix"),"NOTA") -> NOTA | H19: others | J19: 714 | K19: {=IF(_xlfn._xlws.FILTER(Result2026[Candidate_Name],(Result2026[Votes]=LARGE(_xlfn._xlws.FILTER(Result2026[Votes],Result2026[Number]=Result2026[[#This Row],[Number]]),1))*(Result2026[Number]=Result2026[[#This Row],[Number]]))=Result2026[[#This Row],[Candidate_Name]],1, IF(_xlfn._xlws.FILTER(Result2026[Candidate_Name],(Result2026[Votes]=LARGE(_xlfn._xlws.FILTER(Result2026[Votes],Result2026[Number]=Result2026[[#This Row],[Number]]),2))*(Result2026[Number]=Result2026[[#This Row],[Number]]))=Result2026[[#This Row],[Candidate_Name]],2, IF(_xlfn._xlws.FILTER(Result2026[Candidate_Name],(Result2026[Votes]=LARGE(_xlfn._xlws.FILTER(Result2026[Votes],Result2026[Number]=Result2026[[#This Row],[Number]]),3))*(Result2026[Number]=Result2026[[#This Row],[Number]]))=Result2026[[#This Row],[Candidate_Name]],3, "")))}
A20: 3 | B20: Udma | C20: Kasaragod | D20: 228512 | E20: 78.07 | F20: Neelakantan | G20: =IF(Result2026[[#This Row],[Candidate_Name]]<>"NOTA",_xlfn.XLOOKUP(Result2026[[#This Row],[Candidate_Name]],Candidates[candidates__name],Candidates[candidates__reference],"Fix"),"NOTA") -> 26kla143 | H20: UDF | I20: Indian National Congress | J20: 78910 | K20: {=IF(_xlfn._xlws.FILTER(Result2026[Candidate_Name],(Result2026[Votes]=LARGE(_xlfn._xlws.FILTER(Result2026[Votes],Result2026[Number]=Result2026[[#This Row],[Number]]),1))*(Result2026[Number]=Result2026[[#This Row],[Number]]))=Result2026[[#This Row],[Candidate_Name]],1, IF(_xlfn._xlws.FILTER(Result2026[Candidate_Name],(Result2026[Votes]=LARGE(_xlfn._xlws.FILTER(Result2026[Votes],Result2026[Number]=Result2026[[#This Row],[Number]]),2))*(Result2026[Number]=Result2026[[#This Row],[Number]]))=Result2026[[#This Row],[Candidate_Name]],2, IF(_xlfn._xlws.FILTER(Result2026[Candidate_Name],(Result2026[Votes]=LARGE(_xlfn._xlws.FILTER(Result2026[Votes],Result2026[Number]=Result2026[[#This Row],[Number]]),3))*(Result2026[Number]=Result2026[[#This Row],[Number]]))=Result2026[[#This Row],[Candidate_Name]],3, "")))} -> 1
A21: 3 | B21: Udma | C21: Kasaragod | D21: 228512 | E21: 78.07 | F21: C. H. Kunhambu | G21: =IF(Result2026[[#This Row],[Candidate_Name]]<>"NOTA",_xlfn.XLOOKUP(Result2026[[#This Row],[Candidate_Name]],Candidates[candidates__name],Candidates[candidates__reference],"Fix"),"NOTA") -> 26kla003 | H21: LDF | I21: Communist Party of India (Marxist) | J21: 74063 | K21: {=IF(_xlfn._xlws.FILTER(Result2026[Candidate_Name],(Result2026[Votes]=LARGE(_xlfn._xlws.FILTER(Result2026[Votes],Result2026[Number]=Result2026[[#This Row],[Number]]),1))*(Result2026[Number]=Result2026[[#This Row],[Number]]))=Result2026[[#This Row],[Candidate_Name]],1, IF(_xlfn._xlws.FILTER(Result2026[Candidate_Name],(Result2026[Votes]=LARGE(_xlfn._xlws.FILTER(Result2026[Votes],Result2026[Number]=Result2026[[#This Row],[Number]]),2))*(Result2026[Number]=Result2026[[#This Row],[Number]]))=Result2026[[#This Row],[Candidate_Name]],2, IF(_xlfn._xlws.FILTER(Result2026[Candidate_Name],(Result2026[Votes]=LARGE(_xlfn._xlws.FILTER(Result2026[Votes],Result2026[Number]=Result2026[[#This Row],[Number]]),3))*(Result2026[Number]=Result2026[[#This Row],[Number]]))=Result2026[[#This Row],[Candidate_Name]],3, "")))} -> 2
A22: 3 | B22: Udma | C22: Kasaragod | D22: 228512 | E22: 78.07 | F22: Manulal Meloth | G22: =IF(Result2026[[#This Row],[Candidate_Name]]<>"NOTA",_xlfn.XLOOKUP(Result2026[[#This Row],[Candidate_Name]],Candidates[candidates__name],Candidates[candidates__reference],"Fix"),"NOTA") -> 26kla283 | H22: NDA | I22: Bharatiya Janata Party | J22: 26899 | K22: {=IF(_xlfn._xlws.FILTER(Result2026[Candidate_Name],(Result2026[Votes]=LARGE(_xlfn._xlws.FILTER(Result2026[Votes],Result2026[Number]=Result2026[[#This Row],[Number]]),1))*(Result2026[Number]=Result2026[[#This Row],[Number]]))=Result2026[[#This Row],[Candidate_Name]],1, IF(_xlfn._xlws.FILTER(Result2026[Candidate_Name],(Result2026[Votes]=LARGE(_xlfn._xlws.FILTER(Result2026[Votes],Result2026[Number]=Result2026[[#This Row],[Number]]),2))*(Result2026[Number]=Result2026[[#This Row],[Number]]))=Result2026[[#This Row],[Candidate_Name]],2, IF(_xlfn._xlws.FILTER(Result2026[Candidate_Name],(Result2026[Votes]=LARGE(_xlfn._xlws.FILTER(Result2026[Votes],Result2026[Number]=Result2026[[#This Row],[Number]]),3))*(Result2026[Number]=Result2026[[#This Row],[Number]]))=Result2026[[#This Row],[Candidate_Name]],3, "")))} -> 3
A23: 3 | B23: Udma | C23: Kasaragod | D23: 228512 | E23: 78.07 | F23: NOTA | G23: =IF(Result2026[[#This Row],[Candidate_Name]]<>"NOTA",_xlfn.XLOOKUP(Result2026[[#This Row],[Candidate_Name]],Candidates[candidates__name],Candidates[candidates__reference],"Fix"),"NOTA") -> NOTA | H23: others | J23: 504 | K23: {=IF(_xlfn._xlws.FILTER(Result2026[Candidate_Name],(Result2026[Votes]=LARGE(_xlfn._xlws.FILTER(Result2026[Votes],Result2026[Number]=Result2026[[#This Row],[Number]]),1))*(Result2026[Number]=Result2026[[#This Row],[Number]]))=Result2026[[#This Row],[Candidate_Name]],1, IF(_xlfn._xlws.FILTER(Result2026[Candidate_Name],(Result2026[Votes]=LARGE(_xlfn._xlws.FILTER(Result2026[Votes],Result2026[Number]=Result2026[[#This Row],[Number]]),2))*(Result2026[Number]=Result2026[[#This Row],[Number]]))=Result2026[[#This Row],[Candidate_Name]],2, IF(_xlfn._xlws.FILTER(Result2026[Candidate_Name],(Result2026[Votes]=LARGE(_xlfn._xlws.FILTER(Result2026[Votes],Result2026[Number]=Result2026[[#This Row],[Number]]),3))*(Result2026[Number]=Result2026[[#This Row],[Number]]))=Result2026[[#This Row],[Candidate_Name]],3, "")))}
A24: 3 | B24: Udma | C24: Kasaragod | D24: 228512 | E24: 78.07 | F24: Kunhampu P P S/o Raman | G24: =IF(Result2026[[#This Row],[Candidate_Name]]<>"NOTA",_xlfn.XLOOKUP(Result2026[[#This Row],[Candidate_Name]],Candidates[candidates__name],Candidates[candidates__reference],"Fix"),"NOTA") -> 26kla834 | H24: others | I24: Independent | J24: 191 | K24: {=IF(_xlfn._xlws.FILTER(Result2026[Candidate_Name],(Result2026[Votes]=LARGE(_xlfn._xlws.FILTER(Result2026[Votes],Result2026[Number]=Result2026[[#This Row],[Number]]),1))*(Result2026[Number]=Result2026[[#This Row],[Number]]))=Result2026[[#This Row],[Candidate_Name]],1, IF(_xlfn._xlws.FILTER(Result2026[Candidate_Name],(Result2026[Votes]=LARGE(_xlfn._xlws.FILTER(Result2026[Votes],Result2026[Number]=Result2026[[#This Row],[Number]]),2))*(Result2026[Number]=Result2026[[#This Row],[Number]]))=Result2026[[#This Row],[Candidate_Name]],2, IF(_xlfn._xlws.FILTER(Result2026[Candidate_Name],(Result2026[Votes]=LARGE(_xlfn._xlws.FILTER(Result2026[Votes],Result2026[Number]=Result2026[[#This Row],[Number]]),3))*(Result2026[Number]=Result2026[[#This Row],[Number]]))=Result2026[[#This Row],[Candidate_Name]],3, "")))}
A25: 3 | B25: Udma | C25: Kasaragod | D25: 228512 | E25: 78.07 | F25: Kunhiraman | G25: =IF(Result2026[[#This Row],[Candidate_Name]]<>"NOTA",_xlfn.XLOOKUP(Result2026[[#This Row],[Candidate_Name]],Candidates[candidates__name],Candidates[candidates__reference],"Fix"),"NOTA") -> 26kla835 | H25: others | I25: Independent | J25: 138 | K25: {=IF(_xlfn._xlws.FILTER(Result2026[Candidate_Name],(Result2026[Votes]=LARGE(_xlfn._xlws.FILTER(Result2026[Votes],Result2026[Number]=Result2026[[#This Row],[Number]]),1))*(Result2026[Number]=Result2026[[#This Row],[Number]]))=Result2026[[#This Row],[Candidate_Name]],1, IF(_xlfn._xlws.FILTER(Result2026[Candidate_Name],(Result2026[Votes]=LARGE(_xlfn._xlws.FILTER(Result2026[Votes],Result2026[Number]=Result2026[[#This Row],[Number]]),2))*(Result2026[Number]=Result2026[[#This Row],[Number]]))=Result2026[[#This Row],[Candidate_Name]],2, IF(_xlfn._xlws.FILTER(Result2026[Candidate_Name],(Result2026[Votes]=LARGE(_xlfn._xlws.FILTER(Result2026[Votes],Result2026[Number]=Result2026[[#This Row],[Number]]),3))*(Result2026[Number]=Result2026[[#This Row],[Number]]))=Result2026[[#This Row],[Candidate_Name]],3, "")))}
A26: 3 | B26: Udma | C26: Kasaragod | D26: 228512 | E26: 78.07 | F26: Naseer | G26: =IF(Result2026[[#This Row],[Candidate_Name]]<>"NOTA",_xlfn.XLOOKUP(Result2026[[#This Row],[Candidate_Name]],Candidates[candidates__name],Candidates[candidates__reference],"Fix"),"NOTA") -> 26kla879 | H26: others | I26: Independent | J26: 111 | K26: {=IF(_xlfn._xlws.FILTER(Result2026[Candidate_Name],(Result2026[Votes]=LARGE(_xlfn._xlws.FILTER(Result2026[Votes],Result2026[Number]=Result2026[[#This Row],[Number]]),1))*(Result2026[Number]=Result2026[[#This Row],[Number]]))=Result2026[[#This Row],[Candidate_Name]],1, IF(_xlfn._xlws.FILTER(Result2026[Candidate_Name],(Result2026[Votes]=LARGE(_xlfn._xlws.FILTER(Result2026[Votes],Result2026[Number]=Result2026[[#This Row],[Number]]),2))*(Result2026[Number]=Result2026[[#This Row],[Number]]))=Result2026[[#This Row],[Candidate_Name]],2, IF(_xlfn._xlws.FILTER(Result2026[Candidate_Name],(Result2026[Votes]=LARGE(_xlfn._xlws.FILTER(Result2026[Votes],Result2026[Number]=Result2026[[#This Row],[Number]]),3))*(Result2026[Number]=Result2026[[#This Row],[Number]]))=Result2026[[#This Row],[Candidate_Name]],3, "")))}
A27: 4 | B27: Kanhangad | C27: Kasaragod | D27: 223980 | E27: 77.24 | F27: Govindan Pallikkappil | G27: =IF(Result2026[[#This Row],[Candidate_Name]]<>"NOTA",_xlfn.XLOOKUP(Result2026[[#This Row],[Candidate_Name]],Candidates[candidates__name],Candidates[candidates__reference],"Fix"),"NOTA") -> 26kla004 | H27: LDF | I27: Communist Party of India | J27: 79920 | K27: {=IF(_xlfn._xlws.FILTER(Result2026[Candidate_Name],(Result2026[Votes]=LARGE(_xlfn._xlws.FILTER(Result2026[Votes],Result2026[Number]=Result2026[[#This Row],[Number]]),1))*(Result2026[Number]=Result2026[[#This Row],[Number]]))=Result2026[[#This Row],[Candidate_Name]],1, IF(_xlfn._xlws.FILTER(Result2026[Candidate_Name],(Result2026[Votes]=LARGE(_xlfn._xlws.FILTER(Result2026[Votes],Result2026[Number]=Result2026[[#This Row],[Number]]),2))*(Result2026[Number]=Result2026[[#This Row],[Number]]))=Result2026[[#This Row],[Candidate_Name]],2, IF(_xlfn._xlws.FILTER(Result2026[Candidate_Name],(Result2026[Votes]=LARGE(_xlfn._xlws.FILTER(Result2026[Votes],Result2026[Number]=Result2026[[#This Row],[Number]]),3))*(Result2026[Number]=Result2026[[#This Row],[Number]]))=Result2026[[#This Row],[Candidate_Name]],3, "")))} -> 1
A28: 4 | B28: Kanhangad | C28: Kasaragod | D28: 223980 | E28: 77.24 | F28: Shyji Ottapalli | G28: =IF(Result2026[[#This Row],[Candidate_Name]]<>"NOTA",_xlfn.XLOOKUP(Result2026[[#This Row],[Candidate_Name]],Candidates[candidates__name],Candidates[candidates__reference],"Fix"),"NOTA") -> 26kla144 | H28: UDF | I28: Kerala Congress | J28: 64604 | K28: {=IF(_xlfn._xlws.FILTER(Result2026[Candidate_Name],(Result2026[Votes]=LARGE(_xlfn._xlws.FILTER(Result2026[Votes],Result2026[Number]=Result2026[[#This Row],[Number]]),1))*(Result2026[Number]=Result2026[[#This Row],[Number]]))=Result2026[[#This Row],[Candidate_Name]],1, IF(_xlfn._xlws.FILTER(Result2026[Candidate_Name],(Result2026[Votes]=LARGE(_xlfn._xlws.FILTER(Result2026[Votes],Result2026[Number]=Result2026[[#This Row],[Number]]),2))*(Result2026[Number]=Result2026[[#This Row],[Number]]))=Result2026[[#This Row],[Candidate_Name]],2, IF(_xlfn._xlws.FILTER(Result2026[Candidate_Name],(Result2026[Votes]=LARGE(_xlfn._xlws.FILTER(Result2026[Votes],Result2026[Number]=Result2026[[#This Row],[Number]]),3))*(Result2026[Number]=Result2026[[#This Row],[Number]]))=Result2026[[#This Row],[Candidate_Name]],3, "")))} -> 2
A29: 4 | B29: Kanhangad | C29: Kasaragod | D29: 223980 | E29: 77.24 | F29: M. Balraj | G29: =IF(Result2026[[#This Row],[Candidate_Name]]<>"NOTA",_xlfn.XLOOKUP(Result2026[[#This Row],[Candidate_Name]],Candidates[candidates__name],Candidates[candidates__reference],"Fix"),"NOTA") -> 26kla284 | H29: NDA | I29: Bharatiya Janata Party | J29: 27063 | K29: {=IF(_xlfn._xlws.FILTER(Result2026[Candidate_Name],(Result2026[Votes]=LARGE(_xlfn._xlws.FILTER(Result2026[Votes],Result2026[Number]=Result2026[[#This Row],[Number]]),1))*(Result2026[Number]=Result2026[[#This Row],[Number]]))=Result2026[[#This Row],[Candidate_Name]],1, IF(_xlfn._xlws.FILTER(Result2026[Candidate_Name],(Result2026[Votes]=LARGE(_xlfn._xlws.FILTER(Result2026[Votes],Result2026[Number]=Result2026[[#This Row],[Number]]),2))*(Result2026[Number]=Result2026[[#This Row],[Number]]))=Result2026[[#This Row],[Candidate_Name]],2, IF(_xlfn._xlws.FILTER(Result2026[Candidate_Name],(Result2026[Votes]=LARGE(_xlfn._xlws.FILTER(Result2026[Votes],Result2026[Number]=Result2026[[#This Row],[Number]]),3))*(Result2026[Number]=Result2026[[#This Row],[Number]]))=Result2026[[#This Row],[Candidate_Name]],3, "")))} -> 3
A30: 4 | B30: Kanhangad | C30: Kasaragod | D30: 223980 | E30: 77.24 | F30: B. Vijayakumar | G30: =IF(Result2026[[#This Row],[Candidate_Name]]<>"NOTA",_xlfn.XLOOKUP(Result2026[[#This Row],[Candidate_Name]],Candidates[candidates__name],Candidates[candidates__reference],"Fix"),"NOTA") -> 26kla1062 | H30: others | I30: Bahujan Samaj Party | J30: 3132 | K30: {=IF(_xlfn._xlws.FILTER(Result2026[Candidate_Name],(Result2026[Votes]=LARGE(_xlfn._xlws.FILTER(Result2026[Votes],Result2026[Number]=Result2026[[#This Row],[Number]]),1))*(Result2026[Number]=Result2026[[#This Row],[Number]]))=Result2026[[#This Row],[Candidate_Name]],1, IF(_xlfn._xlws.FILTER(Result2026[Candidate_Name],(Result2026[Votes]=LARGE(_xlfn._xlws.FILTER(Result2026[Votes],Result2026[Number]=Result2026[[#This Row],[Number]]),2))*(Result2026[Number]=Result2026[[#This Row],[Number]]))=Result2026[[#This Row],[Candidate_Name]],2, IF(_xlfn._xlws.FILTER(Result2026[Candidate_Name],(Result2026[Votes]=LARGE(_xlfn._xlws.FILTER(Result2026[Votes],Result2026[Number]=Result2026[[#This Row],[Number]]),3))*(Result2026[Number]=Result2026[[#This Row],[Number]]))=Result2026[[#This Row],[Candidate_Name]],3, "")))}
A31: 4 | B31: Kanhangad | C31: Kasaragod | D31: 223980 | E31: 77.24 | F31: NOTA | G31: =IF(Result2026[[#This Row],[Candidate_Name]]<>"NOTA",_xlfn.XLOOKUP(Result2026[[#This Row],[Candidate_Name]],Candidates[candidates__name],Candidates[candidates__reference],"Fix"),"NOTA") -> NOTA | H31: others | J31: 1058 | K31: {=IF(_xlfn._xlws.FILTER(Result2026[Candidate_Name],(Result2026[Votes]=LARGE(_xlfn._xlws.FILTER(Result2026[Votes],Result2026[Number]=Result2026[[#This Row],[Number]]),1))*(Result2026[Number]=Result2026[[#This Row],[Number]]))=Result2026[[#This Row],[Candidate_Name]],1, IF(_xlfn._xlws.FILTER(Result2026[Candidate_Name],(Result2026[Votes]=LARGE(_xlfn._xlws.FILTER(Result2026[Votes],Result2026[Number]=Result2026[[#This Row],[Number]]),2))*(Result2026[Number]=Result2026[[#This Row],[Number]]))=Result2026[[#This Row],[Candidate_Name]],2, IF(_xlfn._xlws.FILTER(Result2026[Candidate_Name],(Result2026[Votes]=LARGE(_xlfn._xlws.FILTER(Result2026[Votes],Result2026[Number]=Result2026[[#This Row],[Number]]),3))*(Result2026[Number]=Result2026[[#This Row],[Number]]))=Result2026[[#This Row],[Candidate_Name]],3, "")))}
A32: 5 | B32: Thrikaripur | C32: Kasaragod | D32: 210090 | E32: 79.65 | F32: Sandeep Varier | G32: =IF(Result2026[[#This Row],[Candidate_Name]]<>"NOTA",_xlfn.XLOOKUP(Result2026[[#This Row],[Candidate_Name]],Candidates[candidates__name],Candidates[candidates__reference],"Fix"),"NOTA") -> 26kla145 | H32: UDF | I32: Indian National Congress | J32: 83109 | K32: {=IF(_xlfn._xlws.FILTER(Result2026[Candidate_Name],(Result2026[Votes]=LARGE(_xlfn._xlws.FILTER(Result2026[Votes],Result2026[Number]=Result2026[[#This Row],[Number]]),1))*(Result2026[Number]=Result2026[[#This Row],[Number]]))=Result2026[[#This Row],[Candidate_Name]],1, IF(_xlfn._xlws.FILTER(Result2026[Candidate_Name],(Result2026[Votes]=LARGE(_xlfn._xlws.FILTER(Result2026[Votes],Result2026[Number]=Result2026[[#This Row],[Number]]),2))*(Result2026[Number]=Result2026[[#This Row],[Number]]))=Result2026[[#This Row],[Candidate_Name]],2, IF(_xlfn._xlws.FILTER(Result2026[Candidate_Name],(Result2026[Votes]=LARGE(_xlfn._xlws.FILTER(Result2026[Votes],Result2026[Number]=Result2026[[#This Row],[Number]]),3))*(Result2026[Number]=Result2026[[#This Row],[Number]]))=Result2026[[#This Row],[Candidate_Name]],3, "")))} -> 1
A33: 5 | B33: Thrikaripur | C33: Kasaragod | D33: 210090 | E33: 79.65 | F33: Dr. V. P. P. Mustafa | G33: =IF(Result2026[[#This Row],[Candidate_Name]]<>"NOTA",_xlfn.XLOOKUP(Result2026[[#This Row],[Candidate_Name]],Candidates[candidates__name],Candidates[candidates__reference],"Fix"),"NOTA") -> 26kla005 | H33: LDF | I33: Communist Party of India (Marxist) | J33: 78678 | K33: {=IF(_xlfn._xlws.FILTER(Result2026[Candidate_Name],(Result2026[Votes]=LARGE(_xlfn._xlws.FILTER(Result2026[Votes],Result2026[Number]=Result2026[[#This Row],[Number]]),1))*(Result2026[Number]=Result2026[[#This Row],[Number]]))=Result2026[[#This Row],[Candidate_Name]],1, IF(_xlfn._xlws.FILTER(Result2026[Candidate_Name],(Result2026[Votes]=LARGE(_xlfn._xlws.FILTER(Result2026[Votes],Result2026[Number]=Result2026[[#This Row],[Number]]),2))*(Result2026[Number]=Result2026[[#This Row],[Number]]))=Result2026[[#This Row],[Candidate_Name]],2, IF(_xlfn._xlws.FILTER(Result2026[Candidate_Name],(Result2026[Votes]=LARGE(_xlfn._xlws.FILTER(Result2026[Votes],Result2026[Number]=Result2026[[#This Row],[Number]]),3))*(Result2026[Number]=Result2026[[#This Row],[Number]]))=Result2026[[#This Row],[Candidate_Name]],3, "")))} -> 2
A34: 5 | B34: Thrikaripur | C34: Kasaragod | D34: 210090 | E34: 79.65 | F34: Ravi Kulangara | G34: =IF(Result2026[[#This Row],[Candidate_Name]]<>"NOTA",_xlfn.XLOOKUP(Result2026[[#This Row],[Candidate_Name]],Candidates[candidates__name],Candidates[candidates__reference],"Fix"),"NOTA") -> 26kla285 | H34: NDA | I34: Twenty 20 Party | J34: 7837 | K34: {=IF(_xlfn._xlws.FILTER(Result2026[Candidate_Name],(Result2026[Votes]=LARGE(_xlfn._xlws.FILTER(Result2026[Votes],Result2026[Number]=Result2026[[#This Row],[Number]]),1))*(Result2026[Number]=Result2026[[#This Row],[Number]]))=Result2026[[#This Row],[Candidate_Name]],1, IF(_xlfn._xlws.FILTER(Result2026[Candidate_Name],(Result2026[Votes]=LARGE(_xlfn._xlws.FILTER(Result2026[Votes],Result2026[Number]=Result2026[[#This Row],[Number]]),2))*(Result2026[Number]=Result2026[[#This Row],[Number]]))=Result2026[[#This Row],[Candidate_Name]],2, IF(_xlfn._xlws.FILTER(Result2026[Candidate_Name],(Result2026[Votes]=LARGE(_xlfn._xlws.FILTER(Result2026[Votes],Result2026[Number]=Result2026[[#This Row],[Number]]),3))*(Result2026[Number]=Result2026[[#This Row],[Number]]))=Result2026[[#This Row],[Candidate_Name]],3, "")))} -> 3
A35: 5 | B35: Thrikaripur | C35: Kasaragod | D35: 210090 | E35: 79.65 | F35: NOTA | G35: =IF(Result2026[[#This Row],[Candidate_Name]]<>"NOTA",_xlfn.XLOOKUP(Result2026[[#This Row],[Candidate_Name]],Candidates[candidates__name],Candidates[candidates__reference],"Fix"),"NOTA") -> NOTA | H35: others | J35: 710 | K35: {=IF(_xlfn._xlws.FILTER(Result2026[Candidate_Name],(Result2026[Votes]=LARGE(_xlfn._xlws.FILTER(Result2026[Votes],Result2026[Number]=Result2026[[#This Row],[Number]]),1))*(Result2026[Number]=Result2026[[#This Row],[Number]]))=Result2026[[#This Row],[Candidate_Name]],1, IF(_xlfn._xlws.FILTER(Result2026[Candidate_Name],(Result2026[Votes]=LARGE(_xlfn._xlws.FILTER(Result2026[Votes],Result2026[Number]=Result2026[[#This Row],[Number]]),2))*(Result2026[Number]=Result2026[[#This Row],[Number]]))=Result2026[[#This Row],[Candidate_Name]],2, IF(_xlfn._xlws.FILTER(Result2026[Candidate_Name],(Result2026[Votes]=LARGE(_xlfn._xlws.FILTER(Result2026[Votes],Result2026[Number]=Result2026[[#This Row],[Number]]),3))*(Result2026[Number]=Result2026[[#This Row],[Number]]))=Result2026[[#This Row],[Candidate_Name]],3, "")))}
A36: 5 | B36: Thrikaripur | C36: Kasaragod | D36: 210090 | E36: 79.65 | F36: Sandeep Elatt | G36: =IF(Result2026[[#This Row],[Candidate_Name]]<>"NOTA",_xlfn.XLOOKUP(Result2026[[#This Row],[Candidate_Name]],Candidates[candidates__name],Candidates[candidates__reference],"Fix"),"NOTA") -> 26kla969 | H36: others | I36: Independent | J36: 258 | K36: {=IF(_xlfn._xlws.FILTER(Result2026[Candidate_Name],(Result2026[Votes]=LARGE(_xlfn._xlws.FILTER(Result2026[Votes],Result2026[Number]=Result2026[[#This Row],[Number]]),1))*(Result2026[Number]=Result2026[[#This Row],[Number]]))=Result2026[[#This Row],[Candidate_Name]],1, IF(_xlfn._xlws.FILTER(Result2026[Candidate_Name],(Result2026[Votes]=LARGE(_xlfn._xlws.FILTER(Result2026[Votes],Result2026[Number]=Result2026[[#This Row],[Number]]),2))*(Result2026[Number]=Result2026[[#This Row],[Number]]))=Result2026[[#This Row],[Candidate_Name]],2, IF(_xlfn._xlws.FILTER(Result2026[Candidate_Name],(Result2026[Votes]=LARGE(_xlfn._xlws.FILTER(Result2026[Votes],Result2026[Number]=Result2026[[#This Row],[Number]]),3))*(Result2026[Number]=Result2026[[#This Row],[Number]]))=Result2026[[#This Row],[Candidate_Name]],3, "")))}
A37: 5 | B37: Thrikaripur | C37: Kasaragod | D37: 210090 | E37: 79.65 | F37: Musthafa P P | G37: =IF(Result2026[[#This Row],[Candidate_Name]]<>"NOTA",_xlfn.XLOOKUP(Result2026[[#This Row],[Candidate_Name]],Candidates[candidates__name],Candidates[candidates__reference],"Fix"),"NOTA") -> 26kla871 | H37: others | I37: Independent | J37: 169 | K37: {=IF(_xlfn._xlws.FILTER(Result2026[Candidate_Name],(Result2026[Votes]=LARGE(_xlfn._xlws.FILTER(Result2026[Votes],Result2026[Number]=Result2026[[#This Row],[Number]]),1))*(Result2026[Number]=Result2026[[#This Row],[Number]]))=Result2026[[#This Row],[Candidate_Name]],1, IF(_xlfn._xlws.FILTER(Result2026[Candidate_Name],(Result2026[Votes]=LARGE(_xlfn._xlws.FILTER(Result2026[Votes],Result2026[Number]=Result2026[[#This Row],[Number]]),2))*(Result2026[Number]=Result2026[[#This Row],[Number]]))=Result2026[[#This Row],[Candidate_Name]],2, IF(_xlfn._xlws.FILTER(Result2026[Candidate_Name],(Result2026[Votes]=LARGE(_xlfn._xlws.FILTER(Result2026[Votes],Result2026[Number]=Result2026[[#This Row],[Number]]),3))*(Result2026[Number]=Result2026[[#This Row],[Number]]))=Result2026[[#This Row],[Candidate_Name]],3, "")))}
A38: 5 | B38: Thrikaripur | C38: Kasaragod | D38: 210090 | E38: 79.65 | F38: Musthafa V P | G38: =IF(Result2026[[#This Row],[Candidate_Name]]<>"NOTA",_xlfn.XLOOKUP(Result2026[[#This Row],[Candidate_Name]],Candidates[candidates__name],Candidates[candidates__reference],"Fix"),"NOTA") -> 26kla872 | H38: others | I38: Independent | J38: 143 | K38: {=IF(_xlfn._xlws.FILTER(Result2026[Candidate_Name],(Result2026[Votes]=LARGE(_xlfn._xlws.FILTER(Result2026[Votes],Result2026[Number]=Result2026[[#This Row],[Number]]),1))*(Result2026[Number]=Result2026[[#This Row],[Number]]))=Result2026[[#This Row],[Candidate_Name]],1, IF(_xlfn._xlws.FILTER(Result2026[Candidate_Name],(Result2026[Votes]=LARGE(_xlfn._xlws.FILTER(Result2026[Votes],Result2026[Number]=Result2026[[#This Row],[Number]]),2))*(Result2026[Number]=Result2026[[#This Row],[Number]]))=Result2026[[#This Row],[Candidate_Name]],2, IF(_xlfn._xlws.FILTER(Result2026[Candidate_Name],(Result2026[Votes]=LARGE(_xlfn._xlws.FILTER(Result2026[Votes],Result2026[Number]=Result2026[[#This Row],[Number]]),3))*(Result2026[Number]=Result2026[[#This Row],[Number]]))=Result2026[[#This Row],[Candidate_Name]],3, "")))}
A39: 6 | B39: Payyanur | C39: Kannur | D39: 188935 | E39: 80.57 | F39: V. Kunjikrishnan | G39: =IF(Result2026[[#This Row],[Candidate_Name]]<>"NOTA",_xlfn.XLOOKUP(Result2026[[#This Row],[Candidate_Name]],Candidates[candidates__name],Candidates[candidates__reference],"Fix"),"NOTA") -> 26kla146 | H39: UDF | I39: Independent | J39: 76640 | K39: {=IF(_xlfn._xlws.FILTER(Result2026[Candidate_Name],(Result2026[Votes]=LARGE(_xlfn._xlws.FILTER(Result2026[Votes],Result2026[Number]=Result2026[[#This Row],[Number]]),1))*(Result2026[Number]=Result2026[[#This Row],[Number]]))=Result2026[[#This Row],[Candidate_Name]],1, IF(_xlfn._xlws.FILTER(Result2026[Candidate_Name],(Result2026[Votes]=LARGE(_xlfn._xlws.FILTER(Result2026[Votes],Result2026[Number]=Result2026[[#This Row],[Number]]),2))*(Result2026[Number]=Result2026[[#This Row],[Number]]))=Result2026[[#This Row],[Candidate_Name]],2, IF(_xlfn._xlws.FILTER(Result2026[Candidate_Name],(Result2026[Votes]=LARGE(_xlfn._xlws.FILTER(Result2026[Votes],Result2026[Number]=Result2026[[#This Row],[Number]]),3))*(Result2026[Number]=Result2026[[#This Row],[Number]]))=Result2026[[#This Row],[Candidate_Name]],3, "")))} -> 1
A40: 6 | B40: Payyanur | C40: Kannur | D40: 188935 | E40: 80.57 | F40: T. I. Madhusoodanan | G40: =IF(Result2026[[#This Row],[Candidate_Name]]<>"NOTA",_xlfn.XLOOKUP(Result2026[[#This Row],[Candidate_Name]],Candidates[candidates__name],Candidates[candidates__reference],"Fix"),"NOTA") -> 26kla006 | H40: LDF | I40: Communist Party of India (Marxist) | J40: 69153 | K40: {=IF(_xlfn._xlws.FILTER(Result2026[Candidate_Name],(Result2026[Votes]=LARGE(_xlfn._xlws.FILTER(Result2026[Votes],Result2026[Number]=Result2026[[#This Row],[Number]]),1))*(Result2026[Number]=Result2026[[#This Row],[Number]]))=Result2026[[#This Row],[Candidate_Name]],1, IF(_xlfn._xlws.FILTER(Result2026[Candidate_Name],(Result2026[Votes]=LARGE(_xlfn._xlws.FILTER(Result2026[Votes],Result2026[Number]=Result2026[[#This Row],[Number]]),2))*(Result2026[Number]=Result2026[[#This Row],[Number]]))=Result2026[[#This Row],[Candidate_Name]],2, IF(_xlfn._xlws.FILTER(Result2026[Candidate_Name],(Result2026[Votes]=LARGE(_xlfn._xlws.FILTER(Result2026[Votes],Result2026[Number]=Result2026[[#This Row],[Number]]),3))*(Result2026[Number]=Result2026[[#This Row],[Number]]))=Result2026[[#This Row],[Candidate_Name]],3, "")))} -> 2
A41: 6 | B41: Payyanur | C41: Kannur | D41: 188935 | E41: 80.57 | F41: A. P. Gangadharan | G41: =IF(Result2026[[#This Row],[Candidate_Name]]<>"NOTA",_xlfn.XLOOKUP(Result2026[[#This Row],[Candidate_Name]],Candidates[candidates__name],Candidates[candidates__reference],"Fix"),"NOTA") -> 26kla286 | H41: NDA | I41: Bharatiya Janata Party | J41: 8432 | K41: {=IF(_xlfn._xlws.FILTER(Result2026[Candidate_Name],(Result2026[Votes]=LARGE(_xlfn._xlws.FILTER(Result2026[Votes],Result2026[Number]=Result2026[[#This Row],[Number]]),1))*(Result2026[Number]=Result2026[[#This Row],[Number]]))=Result2026[[#This Row],[Candidate_Name]],1, IF(_xlfn._xlws.FILTER(Result2026[Candidate_Name],(Result2026[Votes]=LARGE(_xlfn._xlws.FILTER(Result2026[Votes],Result2026[Number]=Result2026[[#This Row],[Number]]),2))*(Result2026[Number]=Result2026[[#This Row],[Number]]))=Result2026[[#This Row],[Candidate_Name]],2, IF(_xlfn._xlws.FILTER(Result2026[Candidate_Name],(Result2026[Votes]=LARGE(_xlfn._xlws.FILTER(Result2026[Votes],Result2026[Number]=Result2026[[#This Row],[Number]]),3))*(Result2026[Number]=Result2026[[#This Row],[Number]]))=Result2026[[#This Row],[Candidate_Name]],3, "")))} -> 3
A42: 6 | B42: Payyanur | C42: Kannur | D42: 188935 | E42: 80.57 | F42: NOTA | G42: =IF(Result2026[[#This Row],[Candidate_Name]]<>"NOTA",_xlfn.XLOOKUP(Result2026[[#This Row],[Candidate_Name]],Candidates[candidates__name],Candidates[candidates__reference],"Fix"),"NOTA") -> NOTA | H42: others | J42: 1193 | K42: {=IF(_xlfn._xlws.FILTER(Result2026[Candidate_Name],(Result2026[Votes]=LARGE(_xlfn._xlws.FILTER(Result2026[Votes],Result2026[Number]=Result2026[[#This Row],[Number]]),1))*(Result2026[Number]=Result2026[[#This Row],[Number]]))=Result2026[[#This Row],[Candidate_Name]],1, IF(_xlfn._xlws.FILTER(Result2026[Candidate_Name],(Result2026[Votes]=LARGE(_xlfn._xlws.FILTER(Result2026[Votes],Result2026[Number]=Result2026[[#This Row],[Number]]),2))*(Result2026[Number]=Result2026[[#This Row],[Number]]))=Result2026[[#This Row],[Candidate_Name]],2, IF(_xlfn._xlws.FILTER(Result2026[Candidate_Name],(Result2026[Votes]=LARGE(_xlfn._xlws.FILTER(Result2026[Votes],Result2026[Number]=Result2026[[#This Row],[Number]]),3))*(Result2026[Number]=Result2026[[#This Row],[Number]]))=Result2026[[#This Row],[Candidate_Name]],3, "")))}
A43: 6 | B43: Payyanur | C43: Kannur | D43: 188935 | E43: 80.57 | F43: Sandeep V. K. | G43: =IF(Result2026[[#This Row],[Candidate_Name]]<>"NOTA",_xlfn.XLOOKUP(Result2026[[#This Row],[Candidate_Name]],Candidates[candidates__name],Candidates[candidates__reference],"Fix"),"NOTA") -> 26kla971 | H43: others | I43: Independent | J43: 552 | K43: {=IF(_xlfn._xlws.FILTER(Result2026[Candidate_Name],(Result2026[Votes]=LARGE(_xlfn._xlws.FILTER(Result2026[Votes],Result2026[Number]=Result2026[[#This Row],[Number]]),1))*(Result2026[Number]=Result2026[[#This Row],[Number]]))=Result2026[[#This Row],[Candidate_Name]],1, IF(_xlfn._xlws.FILTER(Result2026[Candidate_Name],(Result2026[Votes]=LARGE(_xlfn._xlws.FILTER(Result2026[Votes],Result2026[Number]=Result2026[[#This Row],[Number]]),2))*(Result2026[Number]=Result2026[[#This Row],[Number]]))=Result2026[[#This Row],[Candidate_Name]],2, IF(_xlfn._xlws.FILTER(Result2026[Candidate_Name],(Result2026[Votes]=LARGE(_xlfn._xlws.FILTER(Result2026[Votes],Result2026[Number]=Result2026[[#This Row],[Number]]),3))*(Result2026[Number]=Result2026[[#This Row],[Number]]))=Result2026[[#This Row],[Candidate_Name]],3, "")))}
A44: 7 | B44: Kalliasseri | C44: Kannur | D44: 203796 | E44: 76.99 | F44: M. Vijin | G44: =IF(Result2026[[#This Row],[Candidate_Name]]<>"NOTA",_xlfn.XLOOKUP(Result2026[[#This Row],[Candidate_Name]],Candidates[candidates__name],Candidates[candidates__reference],"Fix"),"NOTA") -> 26kla007 | H44: LDF | I44: Communist Party of India (Marxist) | J44: 81428 | K44: {=IF(_xlfn._xlws.FILTER(Result2026[Candidate_Name],(Result2026[Votes]=LARGE(_xlfn._xlws.FILTER(Result2026[Votes],Result2026[Number]=Result2026[[#This Row],[Number]]),1))*(Result2026[Number]=Result2026[[#This Row],[Number]]))=Result2026[[#This Row],[Candidate_Name]],1, IF(_xlfn._xlws.FILTER(Result2026[Candidate_Name],(Result2026[Votes]=LARGE(_xlfn._xlws.FILTER(Result2026[Votes],Result2026[Number]=Result2026[[#This Row],[Number]]),2))*(Result2026[Number]=Result2026[[#This Row],[Number]]))=Result2026[[#This Row],[Candidate_Name]],2, IF(_xlfn._xlws.FILTER(Result2026[Candidate_Name],(Result2026[Votes]=LARGE(_xlfn._xlws.FILTER(Result2026[Votes],Result2026[Number]=Result2026[[#This Row],[Number]]),3))*(Result2026[Number]=Result2026[[#This Row],[Number]]))=Result2026[[#This Row],[Candidate_Name]],3, "")))} -> 1
A45: 7 | B45: Kalliasseri | C45: Kannur | D45: 203796 | E45: 76.99 | F45: Adv. Rajeevan Kappacheri | G45: =IF(Result2026[[#This Row],[Candidate_Name]]<>"NOTA",_xlfn.XLOOKUP(Result2026[[#This Row],[Candidate_Name]],Candidates[candidates__name],Candidates[candidates__reference],"Fix"),"NOTA") -> 26kla147 | H45: UDF | I45: Indian National Congress | J45: 62995 | K45: {=IF(_xlfn._xlws.FILTER(Result2026[Candidate_Name],(Result2026[Votes]=LARGE(_xlfn._xlws.FILTER(Result2026[Votes],Result2026[Number]=Result2026[[#This Row],[Number]]),1))*(Result2026[Number]=Result2026[[#This Row],[Number]]))=Result2026[[#This Row],[Candidate_Name]],1, IF(_xlfn._xlws.FILTER(Result2026[Candidate_Name],(Result2026[Votes]=LARGE(_xlfn._xlws.FILTER(Result2026[Votes],Result2026[Number]=Result2026[[#This Row],[Number]]),2))*(Result2026[Number]=Result2026[[#This Row],[Number]]))=Result2026[[#This Row],[Candidate_Name]],2, IF(_xlfn._xlws.FILTER(Result2026[Candidate_Name],(Result2026[Votes]=LARGE(_xlfn._xlws.FILTER(Result2026[Votes],Result2026[Number]=Result2026[[#This Row],[Number]]),3))*(Result2026[Number]=Result2026[[#This Row],[Number]]))=Result2026[[#This Row],[Candidate_Name]],3, "")))} -> 2
A46: 7 | B46: Kalliasseri | C46: Kannur | D46: 203796 | E46: 76.99 | F46: A.V. Sanil Kumar | G46: =IF(Result2026[[#This Row],[Candidate_Name]]<>"NOTA",_xlfn.XLOOKUP(Result2026[[#This Row],[Candidate_Name]],Candidates[candidates__name],Candidates[candidates__reference],"Fix"),"NOTA") -> 26kla287 | H46: NDA | I46: Bharatiya Janata Party | J46: 13110 | K46: {=IF(_xlfn._xlws.FILTER(Result2026[Candidate_Name],(Result2026[Votes]=LARGE(_xlfn._xlws.FILTER(Result2026[Votes],Result2026[Number]=Result2026[[#This Row],[Number]]),1))*(Result2026[Number]=Result2026[[#This Row],[Number]]))=Result2026[[#This Row],[Candidate_Name]],1, IF(_xlfn._xlws.FILTER(Result2026[Candidate_Name],(Result2026[Votes]=LARGE(_xlfn._xlws.FILTER(Result2026[Votes],Result2026[Number]=Result2026[[#This Row],[Number]]),2))*(Result2026[Number]=Result2026[[#This Row],[Number]]))=Result2026[[#This Row],[Candidate_Name]],2, IF(_xlfn._xlws.FILTER(Result2026[Candidate_Name],(Result2026[Votes]=LARGE(_xlfn._xlws.FILTER(Result2026[Votes],Result2026[Number]=Result2026[[#This Row],[Number]]),3))*(Result2026[Number]=Result2026[[#This Row],[Number]]))=Result2026[[#This Row],[Candidate_Name]],3, "")))} -> 3
A47: 7 | B47: Kalliasseri | C47: Kannur | D47: 203796 | E47: 76.99 | F47: K.K. Abdul Jabbar | G47: =IF(Result2026[[#This Row],[Candidate_Name]]<>"NOTA",_xlfn.XLOOKUP(Result2026[[#This Row],[Candidate_Name]],Candidates[candidates__name],Candidates[candidates__reference],"Fix"),"NOTA") -> 26kla567 | H47: others | I47: Social Democratic Party Of India | J47: 1281 | K47: {=IF(_xlfn._xlws.FILTER(Result2026[Candidate_Name],(Result2026[Votes]=LARGE(_xlfn._xlws.FILTER(Result2026[Votes],Result2026[Number]=Result2026[[#This Row],[Number]]),1))*(Result2026[Number]=Result2026[[#This Row],[Number]]))=Result2026[[#This Row],[Candidate_Name]],1, IF(_xlfn._xlws.FILTER(Result2026[Candidate_Name],(Result2026[Votes]=LARGE(_xlfn._xlws.FILTER(Result2026[Votes],Result2026[Number]=Result2026[[#This Row],[Number]]),2))*(Result2026[Number]=Result2026[[#This Row],[Number]]))=Result2026[[#This Row],[Candidate_Name]],2, IF(_xlfn._xlws.FILTER(Result2026[Candidate_Name],(Result2026[Votes]=LARGE(_xlfn._xlws.FILTER(Result2026[Votes],Result2026[Number]=Result2026[[#This Row],[Number]]),3))*(Result2026[Number]=Result2026[[#This Row],[Number]]))=Result2026[[#This Row],[Candidate_Name]],3, "")))}
A48: 7 | B48: Kalliasseri | C48: Kannur | D48: 203796 | E48: 76.99 | F48: NOTA | G48: =IF(Result2026[[#This Row],[Candidate_Name]]<>"NOTA",_xlfn.XLOOKUP(Result2026[[#This Row],[Candidate_Name]],Candidates[candidates__name],Candidates[candidates__reference],"Fix"),"NOTA") -> NOTA | H48: others | J48: 893 | K48: {=IF(_xlfn._xlws.FILTER(Result2026[Candidate_Name],(Result2026[Votes]=LARGE(_xlfn._xlws.FILTER(Result2026[Votes],Result2026[Number]=Result2026[[#This Row],[Number]]),1))*(Result2026[Number]=Result2026[[#This Row],[Number]]))=Result2026[[#This Row],[Candidate_Name]],1, IF(_xlfn._xlws.FILTER(Result2026[Candidate_Name],(Result2026[Votes]=LARGE(_xlfn._xlws.FILTER(Result2026[Votes],Result2026[Number]=Result2026[[#This Row],[Number]]),2))*(Result2026[Number]=Result2026[[#This Row],[Number]]))=Result2026[[#This Row],[Candidate_Name]],2, IF(_xlfn._xlws.FILTER(Result2026[Candidate_Name],(Result2026[Votes]=LARGE(_xlfn._xlws.FILTER(Result2026[Votes],Result2026[Number]=Result2026[[#This Row],[Number]]),3))*(Result2026[Number]=Result2026[[#This Row],[Number]]))=Result2026[[#This Row],[Candidate_Name]],3, "")))}
A49: 7 | B49: Kalliasseri | C49: Kannur | D49: 203796 | E49: 76.99 | F49: Rajeevan Kannoth S/o Kammaran | G49: =IF(Result2026[[#This Row],[Candidate_Name]]<>"NOTA",_xlfn.XLOOKUP(Result2026[[#This Row],[Candidate_Name]],Candidates[candidates__name],Candidates[candidates__reference],"Fix"),"NOTA") -> 26kla922 | H49: others | I49: Independent | J49: 160 | K49: {=IF(_xlfn._xlws.FILTER(Result2026[Candidate_Name],(Result2026[Votes]=LARGE(_xlfn._xlws.FILTER(Result2026[Votes],Result2026[Number]=Result2026[[#This Row],[Number]]),1))*(Result2026[Number]=Result2026[[#This Row],[Number]]))=Result2026[[#This Row],[Candidate_Name]],1, IF(_xlfn._xlws.FILTER(Result2026[Candidate_Name],(Result2026[Votes]=LARGE(_xlfn._xlws.FILTER(Result2026[Votes],Result2026[Number]=Result2026[[#This Row],[Number]]),2))*(Result2026[Number]=Result2026[[#This Row],[Number]]))=Result2026[[#This Row],[Candidate_Name]],2, IF(_xlfn._xlws.FILTER(Result2026[Candidate_Name],(Result2026[Votes]=LARGE(_xlfn._xlws.FILTER(Result2026[Votes],Result2026[Number]=Result2026[[#This Row],[Number]]),3))*(Result2026[Number]=Result2026[[#This Row],[Number]]))=Result2026[[#This Row],[Candidate_Name]],3, "")))}
A50: 8 | B50: Taliparamba | C50: Kannur | D50: 232280 | E50: 81.01 | F50: T K Govindan Master | G50: =IF(Result2026[[#This Row],[Candidate_Name]]<>"NOTA",_xlfn.XLOOKUP(Result2026[[#This Row],[Candidate_Name]],Candidates[candidates__name],Candidates[candidates__reference],"Fix"),"NOTA") -> 26kla1041 | H50: UDF | I50: Independent | J50: 91339 | K50: {=IF(_xlfn._xlws.FILTER(Result2026[Candidate_Name],(Result2026[Votes]=LARGE(_xlfn._xlws.FILTER(Result2026[Votes],Result2026[Number]=Result2026[[#This Row],[Number]]),1))*(Result2026[Number]=Result2026[[#This Row],[Number]]))=Result2026[[#This Row],[Candidate_Name]],1, IF(_xlfn._xlws.FILTER(Result2026[Candidate_Name],(Result2026[Votes]=LARGE(_xlfn._xlws.FILTER(Result2026[Votes],Result2026[Number]=Result2026[[#This Row],[Number]]),2))*(Result2026[Number]=Result2026[[#This Row],[Number]]))=Result2026[[#This Row],[Candidate_Name]],2, IF(_xlfn._xlws.FILTER(Result2026[Candidate_Name],(Result2026[Votes]=LARGE(_xlfn._xlws.FILTER(Result2026[Votes],Result2026[Number]=Result2026[[#This Row],[Number]]),3))*(Result2026[Number]=Result2026[[#This Row],[Number]]))=Result2026[[#This Row],[Candidate_Name]],3, "")))} -> 1
A51: 8 | B51: Taliparamba | C51: Kannur | D51: 232280 | E51: 81.01 | F51: P. K. Shyamala | G51: =IF(Result2026[[#This Row],[Candidate_Name]]<>"NOTA",_xlfn.XLOOKUP(Result2026[[#This Row],[Candidate_Name]],Candidates[candidates__name],Candidates[candidates__reference],"Fix"),"NOTA") -> 26kla008 | H51: LDF | I51: Communist Party of India (Marxist) | J51: 78788 | K51: {=IF(_xlfn._xlws.FILTER(Result2026[Candidate_Name],(Result2026[Votes]=LARGE(_xlfn._xlws.FILTER(Result2026[Votes],Result2026[Number]=Result2026[[#This Row],[Number]]),1))*(Result2026[Number]=Result2026[[#This Row],[Number]]))=Result2026[[#This Row],[Candidate_Name]],1, IF(_xlfn._xlws.FILTER(Result2026[Candidate_Name],(Result2026[Votes]=LARGE(_xlfn._xlws.FILTER(Result2026[Votes],Result2026[Number]=Result2026[[#This Row],[Number]]),2))*(Result2026[Number]=Result2026[[#This Row],[Number]]))=Result2026[[#This Row],[Candidate_Name]],2, IF(_xlfn._xlws.FILTER(Result2026[Candidate_Name],(Result2026[Votes]=LARGE(_xlfn._xlws.FILTER(Result2026[Votes],Result2026[Number]=Result2026[[#This Row],[Number]]),3))*(Result2026[Number]=Result2026[[#This Row],[Number]]))=Result2026[[#This Row],[Candidate_Name]],3, "")))} -> 2
A52: 8 | B52: Taliparamba | C52: Kannur | D52: 232280 | E52: 81.01 | F52: N. Haridas | G52: =IF(Result2026[[#This Row],[Candidate_Name]]<>"NOTA",_xlfn.XLOOKUP(Result2026[[#This Row],[Candidate_Name]],Candidates[candidates__name],Candidates[candidates__reference],"Fix"),"NOTA") -> 26kla288 | H52: NDA | I52: Bharatiya Janata Party | J52: 16089 | K52: {=IF(_xlfn._xlws.FILTER(Result2026[Candidate_Name],(Result2026[Votes]=LARGE(_xlfn._xlws.FILTER(Result2026[Votes],Result2026[Number]=Result2026[[#This Row],[Number]]),1))*(Result2026[Number]=Result2026[[#This Row],[Number]]))=Result2026[[#This Row],[Candidate_Name]],1, IF(_xlfn._xlws.FILTER(Result2026[Candidate_Name],(Result2026[Votes]=LARGE(_xlfn._xlws.FILTER(Result2026[Votes],Result2026[Number]=Result2026[[#This Row],[Number]]),2))*(Result2026[Number]=Result2026[[#This Row],[Number]]))=Result2026[[#This Row],[Candidate_Name]],2, IF(_xlfn._xlws.FILTER(Result2026[Candidate_Name],(Result2026[Votes]=LARGE(_xlfn._xlws.FILTER(Result2026[Votes],Result2026[Number]=Result2026[[#This Row],[Number]]),3))*(Result2026[Number]=Result2026[[#This Row],[Number]]))=Result2026[[#This Row],[Candidate_Name]],3, "")))} -> 3
A53: 8 | B53: Taliparamba | C53: Kannur | D53: 232280 | E53: 81.01 | F53: NOTA | G53: =IF(Result2026[[#This Row],[Candidate_Name]]<>"NOTA",_xlfn.XLOOKUP(Result2026[[#This Row],[Candidate_Name]],Candidates[candidates__name],Candidates[candidates__reference],"Fix"),"NOTA") -> NOTA | H53: others | J53: 1798 | K53: {=IF(_xlfn._xlws.FILTER(Result2026[Candidate_Name],(Result2026[Votes]=LARGE(_xlfn._xlws.FILTER(Result2026[Votes],Result2026[Number]=Result2026[[#This Row],[Number]]),1))*(Result2026[Number]=Result2026[[#This Row],[Number]]))=Result2026[[#This Row],[Candidate_Name]],1, IF(_xlfn._xlws.FILTER(Result2026[Candidate_Name],(Result2026[Votes]=LARGE(_xlfn._xlws.FILTER(Result2026[Votes],Result2026[Number]=Result2026[[#This Row],[Number]]),2))*(Result2026[Number]=Result2026[[#This Row],[Number]]))=Result2026[[#This Row],[Candidate_Name]],2, IF(_xlfn._xlws.FILTER(Result2026[Candidate_Name],(Result2026[Votes]=LARGE(_xlfn._xlws.FILTER(Result2026[Votes],Result2026[Number]=Result2026[[#This Row],[Number]]),3))*(Result2026[Number]=Result2026[[#This Row],[Number]]))=Result2026[[#This Row],[Candidate_Name]],3, "")))}
A54: 8 | B54: Taliparamba | C54: Kannur | D54: 232280 | E54: 81.01 | F54: Koyyam Janardhanan | G54: =IF(Result2026[[#This Row],[Candidate_Name]]<>"NOTA",_xlfn.XLOOKUP(Result2026[[#This Row],[Candidate_Name]],Candidates[candidates__name],Candidates[candidates__reference],"Fix"),"NOTA") -> 26kla825 | H54: others | I54: Independent | J54: 1202 | K54: {=IF(_xlfn._xlws.FILTER(Result2026[Candidate_Name],(Result2026[Votes]=LARGE(_xlfn._xlws.FILTER(Result2026[Votes],Result2026[Number]=Result2026[[#This Row],[Number]]),1))*(Result2026[Number]=Result2026[[#This Row],[Number]]))=Result2026[[#This Row],[Candidate_Name]],1, IF(_xlfn._xlws.FILTER(Result2026[Candidate_Name],(Result2026[Votes]=LARGE(_xlfn._xlws.FILTER(Result2026[Votes],Result2026[Number]=Result2026[[#This Row],[Number]]),2))*(Result2026[Number]=Result2026[[#This Row],[Number]]))=Result2026[[#This Row],[Candidate_Name]],2, IF(_xlfn._xlws.FILTER(Result2026[Candidate_Name],(Result2026[Votes]=LARGE(_xlfn._xlws.FILTER(Result2026[Votes],Result2026[Number]=Result2026[[#This Row],[Number]]),3))*(Result2026[Number]=Result2026[[#This Row],[Number]]))=Result2026[[#This Row],[Candidate_Name]],3, "")))}
A55: 8 | B55: Taliparamba | C55: Kannur | D55: 232280 | E55: 81.01 | F55: Anappally Gopalan | G55: =IF(Result2026[[#This Row],[Candidate_Name]]<>"NOTA",_xlfn.XLOOKUP(Result2026[[#This Row],[Candidate_Name]],Candidates[candidates__name],Candidates[candidates__reference],"Fix"),"NOTA") -> 26kla428 | H55: others | I55: Aam Aadmi Party | J55: 1083 | K55: {=IF(_xlfn._xlws.FILTER(Result2026[Candidate_Name],(Result2026[Votes]=LARGE(_xlfn._xlws.FILTER(Result2026[Votes],Result2026[Number]=Result2026[[#This Row],[Number]]),1))*(Result2026[Number]=Result2026[[#This Row],[Number]]))=Result2026[[#This Row],[Candidate_Name]],1, IF(_xlfn._xlws.FILTER(Result2026[Candidate_Name],(Result2026[Votes]=LARGE(_xlfn._xlws.FILTER(Result2026[Votes],Result2026[Number]=Result2026[[#This Row],[Number]]),2))*(Result2026[Number]=Result2026[[#This Row],[Number]]))=Result2026[[#This Row],[Candidate_Name]],2, IF(_xlfn._xlws.FILTER(Result2026[Candidate_Name],(Result2026[Votes]=LARGE(_xlfn._xlws.FILTER(Result2026[Votes],Result2026[Number]=Result2026[[#This Row],[Number]]),3))*(Result2026[Number]=Result2026[[#This Row],[Number]]))=Result2026[[#This Row],[Candidate_Name]],3, "")))}
A56: 8 | B56: Taliparamba | C56: Kannur | D56: 232280 | E56: 81.01 | F56: T. K. Govindan | G56: =IF(Result2026[[#This Row],[Candidate_Name]]<>"NOTA",_xlfn.XLOOKUP(Result2026[[#This Row],[Candidate_Name]],Candidates[candidates__name],Candidates[candidates__reference],"Fix"),"NOTA") -> 26kla148 | H56: others | I56: Independent | J56: 735 | K56: {=IF(_xlfn._xlws.FILTER(Result2026[Candidate_Name],(Result2026[Votes]=LARGE(_xlfn._xlws.FILTER(Result2026[Votes],Result2026[Number]=Result2026[[#This Row],[Number]]),1))*(Result2026[Number]=Result2026[[#This Row],[Number]]))=Result2026[[#This Row],[Candidate_Name]],1, IF(_xlfn._xlws.FILTER(Result2026[Candidate_Name],(Result2026[Votes]=LARGE(_xlfn._xlws.FILTER(Result2026[Votes],Result2026[Number]=Result2026[[#This Row],[Number]]),2))*(Result2026[Number]=Result2026[[#This Row],[Number]]))=Result2026[[#This Row],[Candidate_Name]],2, IF(_xlfn._xlws.FILTER(Result2026[Candidate_Name],(Result2026[Votes]=LARGE(_xlfn._xlws.FILTER(Result2026[Votes],Result2026[Number]=Result2026[[#This Row],[Number]]),3))*(Result2026[Number]=Result2026[[#This Row],[Number]]))=Result2026[[#This Row],[Candidate_Name]],3, "")))}
A57: 8 | B57: Taliparamba | C57: Kannur | D57: 232280 | E57: 81.01 | F57: Abdul Salam K P | G57: =IF(Result2026[[#This Row],[Candidate_Name]]<>"NOTA",_xlfn.XLOOKUP(Result2026[[#This Row],[Candidate_Name]],Candidates[candidates__name],Candidates[candidates__reference],"Fix"),"NOTA") -> 26kla701 | H57: others | I57: Independent | J57: 366 | K57: {=IF(_xlfn._xlws.FILTER(Result2026[Candidate_Name],(Result2026[Votes]=LARGE(_xlfn._xlws.FILTER(Result2026[Votes],Result2026[Number]=Result2026[[#This Row],[Number]]),1))*(Result2026[Number]=Result2026[[#This Row],[Number]]))=Result2026[[#This Row],[Candidate_Name]],1, IF(_xlfn._xlws.FILTER(Result2026[Candidate_Name],(Result2026[Votes]=LARGE(_xlfn._xlws.FILTER(Result2026[Votes],Result2026[Number]=Result2026[[#This Row],[Number]]),2))*(Result2026[Number]=Result2026[[#This Row],[Number]]))=Result2026[[#This Row],[Candidate_Name]],2, IF(_xlfn._xlws.FILTER(Result2026[Candidate_Name],(Result2026[Votes]=LARGE(_xlfn._xlws.FILTER(Result2026[Votes],Result2026[Number]=Result2026[[#This Row],[Number]]),3))*(Result2026[Number]=Result2026[[#This Row],[Number]]))=Result2026[[#This Row],[Candidate_Name]],3, "")))}
A58: 8 | B58: Taliparamba | C58: Kannur | D58: 232280 | E58: 81.01 | F58: Shyamala P | G58: =IF(Result2026[[#This Row],[Candidate_Name]]<>"NOTA",_xlfn.XLOOKUP(Result2026[[#This Row],[Candidate_Name]],Candidates[candidates__name],Candidates[candidates__reference],"Fix"),"NOTA") -> 26kla1000 | H58: others | I58: Independent | J58: 294 | K58: {=IF(_xlfn._xlws.FILTER(Result2026[Candidate_Name],(Result2026[Votes]=LARGE(_xlfn._xlws.FILTER(Result2026[Votes],Result2026[Number]=Result2026[[#This Row],[Number]]),1))*(Result2026[Number]=Result2026[[#This Row],[Number]]))=Result2026[[#This Row],[Candidate_Name]],1, IF(_xlfn._xlws.FILTER(Result2026[Candidate_Name],(Result2026[Votes]=LARGE(_xlfn._xlws.FILTER(Result2026[Votes],Result2026[Number]=Result2026[[#This Row],[Number]]),2))*(Result2026[Number]=Result2026[[#This Row],[Number]]))=Result2026[[#This Row],[Candidate_Name]],2, IF(_xlfn._xlws.FILTER(Result2026[Candidate_Name],(Result2026[Votes]=LARGE(_xlfn._xlws.FILTER(Result2026[Votes],Result2026[Number]=Result2026[[#This Row],[Number]]),3))*(Result2026[Number]=Result2026[[#This Row],[Number]]))=Result2026[[#This Row],[Candidate_Name]],3, "")))}
A59: 8 | B59: Taliparamba | C59: Kannur | D59: 232280 | E59: 81.01 | F59: Khamaruddeen C V | G59: =IF(Result2026[[#This Row],[Candidate_Name]]<>"NOTA",_xlfn.XLOOKUP(Result2026[[#This Row],[Candidate_Name]],Candidates[candidates__name],Candidates[candidates__reference],"Fix"),"NOTA") -> 26kla820 | H59: others | I59: Independent | J59: 283 | K59: {=IF(_xlfn._xlws.FILTER(Result2026[Candidate_Name],(Result2026[Votes]=LARGE(_xlfn._xlws.FILTER(Result2026[Votes],Result2026[Number]=Result2026[[#This Row],[Number]]),1))*(Result2026[Number]=Result2026[[#This Row],[Number]]))=Result2026[[#This Row],[Candidate_Name]],1, IF(_xlfn._xlws.FILTER(Result2026[Candidate_Name],(Result2026[Votes]=LARGE(_xlfn._xlws.FILTER(Result2026[Votes],Result2026[Number]=Result2026[[#This Row],[Number]]),2))*(Result2026[Number]=Result2026[[#This Row],[Number]]))=Result2026[[#This Row],[Candidate_Name]],2, IF(_xlfn._xlws.FILTER(Result2026[Candidate_Name],(Result2026[Votes]=LARGE(_xlfn._xlws.FILTER(Result2026[Votes],Result2026[Number]=Result2026[[#This Row],[Number]]),3))*(Result2026[Number]=Result2026[[#This Row],[Number]]))=Result2026[[#This Row],[Candidate_Name]],3, "")))}
A60: 8 | B60: Taliparamba | C60: Kannur | D60: 232280 | E60: 81.01 | F60: C Balakrishnan Yadav | G60: =IF(Result2026[[#This Row],[Candidate_Name]]<>"NOTA",_xlfn.XLOOKUP(Result2026[[#This Row],[Candidate_Name]],Candidates[candidates__name],Candidates[candidates__reference],"Fix"),"NOTA") -> 26kla761 | H60: others | I60: Independent | J60: 198 | K60: {=IF(_xlfn._xlws.FILTER(Result2026[Candidate_Name],(Result2026[Votes]=LARGE(_xlfn._xlws.FILTER(Result2026[Votes],Result2026[Number]=Result2026[[#This Row],[Number]]),1))*(Result2026[Number]=Result2026[[#This Row],[Number]]))=Result2026[[#This Row],[Candidate_Name]],1, IF(_xlfn._xlws.FILTER(Result2026[Candidate_Name],(Result2026[Votes]=LARGE(_xlfn._xlws.FILTER(Result2026[Votes],Result2026[Number]=Result2026[[#This Row],[Number]]),2))*(Result2026[Number]=Result2026[[#This Row],[Number]]))=Result2026[[#This Row],[Candidate_Name]],2, IF(_xlfn._xlws.FILTER(Result2026[Candidate_Name],(Result2026[Votes]=LARGE(_xlfn._xlws.FILTER(Result2026[Votes],Result2026[Number]=Result2026[[#This Row],[Number]]),3))*(Result2026[Number]=Result2026[[#This Row],[Number]]))=Result2026[[#This Row],[Candidate_Name]],3, "")))}
A61: 9 | B61: Irikkur | C61: Kannur | D61: 199326 | E61: 74.32 | F61: Adv. Sajeev Joseph | G61: =IF(Result2026[[#This Row],[Candidate_Name]]<>"NOTA",_xlfn.XLOOKUP(Result2026[[#This Row],[Candidate_Name]],Candidates[candidates__name],Candidates[candidates__reference],"Fix"),"NOTA") -> 26kla149 | H61: UDF | I61: Indian National Congress | J61: 90895 | K61: {=IF(_xlfn._xlws.FILTER(Result2026[Candidate_Name],(Result2026[Votes]=LARGE(_xlfn._xlws.FILTER(Result2026[Votes],Result2026[Number]=Result2026[[#This Row],[Number]]),1))*(Result2026[Number]=Result2026[[#This Row],[Number]]))=Result2026[[#This Row],[Candidate_Name]],1, IF(_xlfn._xlws.FILTER(Result2026[Candidate_Name],(Result2026[Votes]=LARGE(_xlfn._xlws.FILTER(Result2026[Votes],Result2026[Number]=Result2026[[#This Row],[Number]]),2))*(Result2026[Number]=Result2026[[#This Row],[Number]]))=Result2026[[#This Row],[Candidate_Name]],2, IF(_xlfn._xlws.FILTER(Result2026[Candidate_Name],(Result2026[Votes]=LARGE(_xlfn._xlws.FILTER(Result2026[Votes],Result2026[Number]=Result2026[[#This Row],[Number]]),3))*(Result2026[Number]=Result2026[[#This Row],[Number]]))=Result2026[[#This Row],[Candidate_Name]],3, "")))} -> 1
A62: 9 | B62: Irikkur | C62: Kannur | D62: 199326 | E62: 74.32 | F62: Adv. Mathew Kunnappally | G62: =IF(Result2026[[#This Row],[Candidate_Name]]<>"NOTA",_xlfn.XLOOKUP(Result2026[[#This Row],[Candidate_Name]],Candidates[candidates__name],Candidates[candidates__reference],"Fix"),"NOTA") -> 26kla009 | H62: LDF | I62: Kerala Congress (M) | J62: 48469 | K62: {=IF(_xlfn._xlws.FILTER(Result2026[Candidate_Name],(Result2026[Votes]=LARGE(_xlfn._xlws.FILTER(Result2026[Votes],Result2026[Number]=Result2026[[#This Row],[Number]]),1))*(Result2026[Number]=Result2026[[#This Row],[Number]]))=Result2026[[#This Row],[Candidate_Name]],1, IF(_xlfn._xlws.FILTER(Result2026[Candidate_Name],(Result2026[Votes]=LARGE(_xlfn._xlws.FILTER(Result2026[Votes],Result2026[Number]=Result2026[[#This Row],[Number]]),2))*(Result2026[Number]=Result2026[[#This Row],[Number]]))=Result2026[[#This Row],[Candidate_Name]],2, IF(_xlfn._xlws.FILTER(Result2026[Candidate_Name],(Result2026[Votes]=LARGE(_xlfn._xlws.FILTER(Result2026[Votes],Result2026[Number]=Result2026[[#This Row],[Number]]),3))*(Result2026[Number]=Result2026[[#This Row],[Number]]))=Result2026[[#This Row],[Candidate_Name]],3, "")))} -> 2
A63: 9 | B63: Irikkur | C63: Kannur | D63: 199326 | E63: 74.32 | F63: Sreenath Padmanabhan | G63: =IF(Result2026[[#This Row],[Candidate_Name]]<>"NOTA",_xlfn.XLOOKUP(Result2026[[#This Row],[Candidate_Name]],Candidates[candidates__name],Candidates[candidates__reference],"Fix"),"NOTA") -> 26kla289 | H63: NDA | I63: Twenty 20 Party | J63: 9617 | K63: {=IF(_xlfn._xlws.FILTER(Result2026[Candidate_Name],(Result2026[Votes]=LARGE(_xlfn._xlws.FILTER(Result2026[Votes],Result2026[Number]=Result2026[[#This Row],[Number]]),1))*(Result2026[Number]=Result2026[[#This Row],[Number]]))=Result2026[[#This Row],[Candidate_Name]],1, IF(_xlfn._xlws.FILTER(Result2026[Candidate_Name],(Result2026[Votes]=LARGE(_xlfn._xlws.FILTER(Result2026[Votes],Result2026[Number]=Result2026[[#This Row],[Number]]),2))*(Result2026[Number]=Result2026[[#This Row],[Number]]))=Result2026[[#This Row],[Candidate_Name]],2, IF(_xlfn._xlws.FILTER(Result2026[Candidate_Name],(Result2026[Votes]=LARGE(_xlfn._xlws.FILTER(Result2026[Votes],Result2026[Number]=Result2026[[#This Row],[Number]]),3))*(Result2026[Number]=Result2026[[#This Row],[Number]]))=Result2026[[#This Row],[Candidate_Name]],3, "")))} -> 3
A64: 9 | B64: Irikkur | C64: Kannur | D64: 199326 | E64: 74.32 | F64: Joseph P.V | G64: =IF(Result2026[[#This Row],[Candidate_Name]]<>"NOTA",_xlfn.XLOOKUP(Result2026[[#This Row],[Candidate_Name]],Candidates[candidates__name],Candidates[candidates__reference],"Fix"),"NOTA") -> 26kla429 | H64: others | I64: Aam Aadmi Party | J64: 1151 | K64: {=IF(_xlfn._xlws.FILTER(Result2026[Candidate_Name],(Result2026[Votes]=LARGE(_xlfn._xlws.FILTER(Result2026[Votes],Result2026[Number]=Result2026[[#This Row],[Number]]),1))*(Result2026[Number]=Result2026[[#This Row],[Number]]))=Result2026[[#This Row],[Candidate_Name]],1, IF(_xlfn._xlws.FILTER(Result2026[Candidate_Name],(Result2026[Votes]=LARGE(_xlfn._xlws.FILTER(Result2026[Votes],Result2026[Number]=Result2026[[#This Row],[Number]]),2))*(Result2026[Number]=Result2026[[#This Row],[Number]]))=Result2026[[#This Row],[Candidate_Name]],2, IF(_xlfn._xlws.FILTER(Result2026[Candidate_Name],(Result2026[Votes]=LARGE(_xlfn._xlws.FILTER(Result2026[Votes],Result2026[Number]=Result2026[[#This Row],[Number]]),3))*(Result2026[Number]=Result2026[[#This Row],[Number]]))=Result2026[[#This Row],[Candidate_Name]],3, "")))}
A65: 9 | B65: Irikkur | C65: Kannur | D65: 199326 | E65: 74.32 | F65: NOTA | G65: =IF(Result2026[[#This Row],[Candidate_Name]]<>"NOTA",_xlfn.XLOOKUP(Result2026[[#This Row],[Candidate_Name]],Candidates[candidates__name],Candidates[candidates__reference],"Fix"),"NOTA") -> NOTA | H65: others | J65: 797 | K65: {=IF(_xlfn._xlws.FILTER(Result2026[Candidate_Name],(Result2026[Votes]=LARGE(_xlfn._xlws.FILTER(Result2026[Votes],Result2026[Number]=Result2026[[#This Row],[Number]]),1))*(Result2026[Number]=Result2026[[#This Row],[Number]]))=Result2026[[#This Row],[Candidate_Name]],1, IF(_xlfn._xlws.FILTER(Result2026[Candidate_Name],(Result2026[Votes]=LARGE(_xlfn._xlws.FILTER(Result2026[Votes],Result2026[Number]=Result2026[[#This Row],[Number]]),2))*(Result2026[Number]=Result2026[[#This Row],[Number]]))=Result2026[[#This Row],[Candidate_Name]],2, IF(_xlfn._xlws.FILTER(Result2026[Candidate_Name],(Result2026[Votes]=LARGE(_xlfn._xlws.FILTER(Result2026[Votes],Result2026[Number]=Result2026[[#This Row],[Number]]),3))*(Result2026[Number]=Result2026[[#This Row],[Number]]))=Result2026[[#This Row],[Candidate_Name]],3, "")))}
A66: 9 | B66: Irikkur | C66: Kannur | D66: 199326 | E66: 74.32 | F66: M. J. Mathew | G66: =IF(Result2026[[#This Row],[Candidate_Name]]<>"NOTA",_xlfn.XLOOKUP(Result2026[[#This Row],[Candidate_Name]],Candidates[candidates__name],Candidates[candidates__reference],"Fix"),"NOTA") -> 26kla569 | H66: others | I66: Social Democratic Party Of India | J66: 417 | K66: {=IF(_xlfn._xlws.FILTER(Result2026[Candidate_Name],(Result2026[Votes]=LARGE(_xlfn._xlws.FILTER(Result2026[Votes],Result2026[Number]=Result2026[[#This Row],[Number]]),1))*(Result2026[Number]=Result2026[[#This Row],[Number]]))=Result2026[[#This Row],[Candidate_Name]],1, IF(_xlfn._xlws.FILTER(Result2026[Candidate_Name],(Result2026[Votes]=LARGE(_xlfn._xlws.FILTER(Result2026[Votes],Result2026[Number]=Result2026[[#This Row],[Number]]),2))*(Result2026[Number]=Result2026[[#This Row],[Number]]))=Result2026[[#This Row],[Candidate_Name]],2, IF(_xlfn._xlws.FILTER(Result2026[Candidate_Name],(Result2026[Votes]=LARGE(_xlfn._xlws.FILTER(Result2026[Votes],Result2026[Number]=Result2026[[#This Row],[Number]]),3))*(Result2026[Number]=Result2026[[#This Row],[Number]]))=Result2026[[#This Row],[Candidate_Name]],3, "")))}
A67: 9 | B67: Irikkur | C67: Kannur | D67: 199326 | E67: 74.32 | F67: Amal K T | G67: =IF(Result2026[[#This Row],[Candidate_Name]]<>"NOTA",_xlfn.XLOOKUP(Result2026[[#This Row],[Candidate_Name]],Candidates[candidates__name],Candidates[candidates__reference],"Fix"),"NOTA") -> 26kla730 | H67: others | I67: Independent | J67: 299 | K67: {=IF(_xlfn._xlws.FILTER(Result2026[Candidate_Name],(Result2026[Votes]=LARGE(_xlfn._xlws.FILTER(Result2026[Votes],Result2026[Number]=Result2026[[#This Row],[Number]]),1))*(Result2026[Number]=Result2026[[#This Row],[Number]]))=Result2026[[#This Row],[Candidate_Name]],1, IF(_xlfn._xlws.FILTER(Result2026[Candidate_Name],(Result2026[Votes]=LARGE(_xlfn._xlws.FILTER(Result2026[Votes],Result2026[Number]=Result2026[[#This Row],[Number]]),2))*(Result2026[Number]=Result2026[[#This Row],[Number]]))=Result2026[[#This Row],[Candidate_Name]],2, IF(_xlfn._xlws.FILTER(Result2026[Candidate_Name],(Result2026[Votes]=LARGE(_xlfn._xlws.FILTER(Result2026[Votes],Result2026[Number]=Result2026[[#This Row],[Number]]),3))*(Result2026[Number]=Result2026[[#This Row],[Number]]))=Result2026[[#This Row],[Candidate_Name]],3, "")))}
A68: 10 | B68: Azhikode | C68: Kannur | D68: 188250 | E68: 77.71 | F68: K. V. Sumesh | G68: =IF(Result2026[[#This Row],[Candidate_Name]]<>"NOTA",_xlfn.XLOOKUP(Result2026[[#This Row],[Candidate_Name]],Candidates[candidates__name],Candidates[candidates__reference],"Fix"),"NOTA") -> 26kla010 | H68: LDF | I68: Communist Party of India (Marxist) | J68: 64951 | K68: {=IF(_xlfn._xlws.FILTER(Result2026[Candidate_Name],(Result2026[Votes]=LARGE(_xlfn._xlws.FILTER(Result2026[Votes],Result2026[Number]=Result2026[[#This Row],[Number]]),1))*(Result2026[Number]=Result2026[[#This Row],[Number]]))=Result2026[[#This Row],[Candidate_Name]],1, IF(_xlfn._xlws.FILTER(Result2026[Candidate_Name],(Result2026[Votes]=LARGE(_xlfn._xlws.FILTER(Result2026[Votes],Result2026[Number]=Result2026[[#This Row],[Number]]),2))*(Result2026[Number]=Result2026[[#This Row],[Number]]))=Result2026[[#This Row],[Candidate_Name]],2, IF(_xlfn._xlws.FILTER(Result2026[Candidate_Name],(Result2026[Votes]=LARGE(_xlfn._xlws.FILTER(Result2026[Votes],Result2026[Number]=Result2026[[#This Row],[Number]]),3))*(Result2026[Number]=Result2026[[#This Row],[Number]]))=Result2026[[#This Row],[Candidate_Name]],3, "")))} -> 1
